tv_bbc_one_cambridge,cbbn,http://www.bbc.co.uk/services/bbcone/cambridge,bbc.co.uk
tv_bbc_one_oxford,cbbw,http://www.bbc.co.uk/services/bbcone/oxford,bbc.co.uk
tv_bbc_two_northern_ireland,cbbH,http://www.bbc.co.uk/services/bbctwo/ni,bbc.co.uk
radio_bbc_radio_york,cbcK,http://www.bbc.co.uk/services/york,bbc.co.uk
radio_bbc_radio_tees,cbcM,http://www.bbc.co.uk/services/tees,bbc.co.uk
tv_channel_4_hd,cbfg,http://ref.atlasapi.org/channels/channel4hd,
radio_bbc_radio_threecounties,cbcN,http://www.bbc.co.uk/services/threecounties,bbc.co.uk
radio_bbc_radio_wm,cbcP,http://www.bbc.co.uk/services/wm,bbc.co.uk
tv_living,cbgc,http://ref.atlasapi.org/channels/living,
tv_red_hot_amateur,cbhD,http://ref.atlasapi.org/channels/redhotamateur,
tv_dmax_2,cbmf,http://ref.atlasapi.org/channels/dmax2,
tv_7_gold,cbph,http://tvblob.com/channel/7gold,tvblob.com
tv_antenna_tre,cbpj,http://tvblob.com/channel/antennatre,tvblob.com
tv_boing,cbpk,http://tvblob.com/channel/boing,tvblob.com
tv_canale5,cbps,http://tvblob.com/channel/canale_5,tvblob.com
tv_canale5+1,cbpt,http://tvblob.com/channel/canale5_piu1,tvblob.com
tv_canale5_hd,cbpv,http://tvblob.com/channel/canale5_hd,tvblob.com
tv_canale6,cbpw,http://tvblob.com/channel/canale6,tvblob.com
tv_capri_store,cbpx,http://tvblob.com/channel/capristore,tvblob.com
tv_channel_01,cbpz,http://tvblob.com/channel/channel01,tvblob.com
tv_channel_02,cbpB,http://tvblob.com/channel/channel02,tvblob.com
tv_channel_03,cbpC,http://tvblob.com/channel/channel03,tvblob.com
tv_cielo,cbpD,http://tvblob.com/channel/cielo,tvblob.com
tv_class_horsetv,cbpF,http://tvblob.com/channel/classhorsetv,tvblob.com
tv_classnews_msnbc,cbpG,http://tvblob.com/channel/classnews,tvblob.com
tv_coming_soon_television,cbpH,http://tvblob.com/channel/coming_soon,tvblob.com
tv_cubo_vision,cbpJ,http://tvblob.com/channel/cubovision,tvblob.com
tv_dahlia,cbpK,http://tvblob.com/channel/dahlia,tvblob.com
tv_dahlia_2_adult,cbpN,http://tvblob.com/channel/dahlia2adult,tvblob.com
tv_k2,cbqF,http://tvblob.com/channel/k2,tvblob.com
tv_la5,cbqG,http://tvblob.com/channel/la5,tvblob.com
tv_la6,cbqH,http://tvblob.com/channel/la6,tvblob.com
tv_la7,cbqJ,http://tvblob.com/channel/la7,tvblob.com
tv_la7_hd,cbqK,http://tvblob.com/channel/LA7_HD,tvblob.com
tv_la7d,cbqQ,http://tvblob.com/channel/la7d,tvblob.com
tv_lombardia_dtt,cbqT,http://tvblob.com/channel/lombardiadtt,tvblob.com
tv_media_shopping,cbqV,http://tvblob.com/channel/mediashopping,tvblob.com
tv_mia_tv,cbqX,http://tvblob.com/channel/miatv,tvblob.com
tv_milano_2015,cbqZ,http://tvblob.com/channel/milano2015,tvblob.com
tv_milanow,cbqY,http://tvblob.com/channel/milanow,tvblob.com
tv_motori_tv,cbq2,http://tvblob.com/channel/motoritv,tvblob.com
tv_mtv,cbq4,http://tvblob.com/channel/mtv,tvblob.com
tv_mtv_hd,cbq5,http://tvblob.com/channel/mtv_hd,tvblob.com
tv_puntosat,cbrQ,http://tvblob.com/channel/puntosat,tvblob.com
radio_radio_starstar,cbsc,http://tvblob.com/channel/radiostar,tvblob.com
radio_radio_tre,cbsd,http://tvblob.com/channel/radiotre,tvblob.com
radio_radio_uno,cbsf,http://tvblob.com/channel/radiouno,tvblob.com
tv_rai_1,cbsg,http://tvblob.com/channel/raiuno,tvblob.com
tv_rai_2,cbsh,http://tvblob.com/channel/raidue,tvblob.com
tv_rai_3,cbsj,http://tvblob.com/channel/raitre,tvblob.com
tv_rai_4,cbsk,http://tvblob.com/channel/rai4,tvblob.com
tv_rai_5,cbsm,http://tvblob.com/channel/rai5,tvblob.com
tv_sf_1,cbsX,http://tvblob.com/channel/sf1,tvblob.com
tv_super_tv,cbtj,http://tvblob.com/channel/supertv,tvblob.com
tv_tbn_europe,cbtk,http://tvblob.com/channel/tbne,tvblob.com
tv_tele_tv,cbtm,http://tvblob.com/channel/teletv,tvblob.com
tv_telecity_2_mi,cbtn,http://tvblob.com/channel/telecity2mi,tvblob.com
tv_telecolor,cbtr,http://tvblob.com/channel/telecolor,tvblob.com
tv_telemarket,cbtt,http://tvblob.com/channel/telemarket,tvblob.com
tv_telemarket_2,cbtv,http://tvblob.com/channel/telemarket2,tvblob.com
tv_telenova,cbtx,http://tvblob.com/channel/telenova,tvblob.com
tv_telenova+1,cbty,http://tvblob.com/channel/telenovapiu1,tvblob.com
tv_telenova_2,cbtz,http://tvblob.com/channel/telenova2,tvblob.com
tv_telenova_3_sport_action,cbtB,http://tvblob.com/channel/telenova3,tvblob.com
tv_telepace,cbtC,http://tvblob.com/channel/telepace,tvblob.com
tv_iplayer,cbbb,http://www.bbc.co.uk/iplayer,bbc.co.uk
tv_hulu,cbbc,http://www.hulu.com,
tv_youtube,cbbd,http://www.youtube.com,
tv_seesaw,cbbf,http://www.seesaw.com,
tv_4od,cbbg,http://www.channel4.com/programmes/4od,channel4.com
tv_bbc_one_london,cbbh,http://www.bbc.co.uk/services/bbcone/london,bbc.co.uk
tv_bbc_one_northern_ireland,cbbj,http://www.bbc.co.uk/services/bbcone/ni,bbc.co.uk
tv_bbc_one_channel_islands,cbbm,http://www.bbc.co.uk/services/bbcone/channel_islands,bbc.co.uk
tv_bbc_one_east,cbbn,http://www.bbc.co.uk/services/bbcone/east,bbc.co.uk
tv_bbc_one_east_midlands,cbbp,http://www.bbc.co.uk/services/bbcone/east_midlands,bbc.co.uk
tv_bbc_one_hd,cbbq,http://www.bbc.co.uk/services/bbcone/hd,bbc.co.uk
tv_bbc_one_north_east_and_cumbria,cbbr,http://www.bbc.co.uk/services/bbcone/north_east,bbc.co.uk
tv_bbc_one_north_west,cbbs,http://www.bbc.co.uk/services/bbcone/north_west,bbc.co.uk
tv_bbc_one_scotland,cbbv,http://www.bbc.co.uk/services/bbcone/scotland,bbc.co.uk
tv_bbc_one_south,cbbw,http://www.bbc.co.uk/services/bbcone/south,bbc.co.uk
tv_bbc_one_south_east,cbbx,http://www.bbc.co.uk/services/bbcone/south_east,bbc.co.uk
tv_bbc_one_wales,cbby,http://www.bbc.co.uk/services/bbcone/wales,bbc.co.uk
tv_bbc_one_south_west,cbbz,http://www.bbc.co.uk/services/bbcone/south_west,bbc.co.uk
tv_bbc_one_west,cbbB,http://www.bbc.co.uk/services/bbcone/west,bbc.co.uk
tv_bbc_one_west_midlands,cbbC,http://www.bbc.co.uk/services/bbcone/west_midlands,bbc.co.uk
tv_bbc_one_yorks_and_lincs,cbbD,http://www.bbc.co.uk/services/bbcone/east_yorkshire,bbc.co.uk
tv_bbc_one_yorkshire,cbbF,http://www.bbc.co.uk/services/bbcone/yorkshire,bbc.co.uk
tv_bbc_two_england,cbbG,http://www.bbc.co.uk/services/bbctwo/england,bbc.co.uk
tv_bbc_two_northern_ireland_(analogue),cbbJ,http://www.bbc.co.uk/services/bbctwo/ni_analogue,bbc.co.uk
tv_bbc_two_wales_(analogue),cbbN,http://www.bbc.co.uk/services/bbctwo/wales_analogue,bbc.co.uk
tv_bbc_two_scotland,cbbK,http://www.bbc.co.uk/services/bbctwo/scotland,bbc.co.uk
tv_bbc_two_wales,cbbM,http://www.bbc.co.uk/services/bbctwo/wales,bbc.co.uk
tv_bbc_three,cbbP,http://www.bbc.co.uk/services/bbcthree,bbc.co.uk
tv_bbc_four,cbbQ,http://www.bbc.co.uk/services/bbcfour,bbc.co.uk
tv_bbc_news,cbbR,http://www.bbc.co.uk/services/bbcnews,bbc.co.uk
tv_bbc_world_news,cbbS,http://www.bbc.co.uk/services/bbcworldnews,bbc.co.uk
tv_bbc_parliament,cbbT,http://www.bbc.co.uk/services/parliament,bbc.co.uk
tv_bbc_hd,cbbV,http://www.bbc.co.uk/services/bbchd,bbc.co.uk
tv_cbbc,cbbW,http://www.bbc.co.uk/services/cbbc,bbc.co.uk
tv_cbeebies,cbbX,http://www.bbc.co.uk/services/cbeebies,bbc.co.uk
radio_bbc_radio_london,cbbZ,http://www.bbc.co.uk/services/london,bbc.co.uk
radio_bbc_radio_berkshire,cbbY,http://www.bbc.co.uk/services/berkshire,bbc.co.uk
radio_bbc_radio_bristol,cbb2,http://www.bbc.co.uk/services/bristol,bbc.co.uk
radio_bbc_radio_cambridgeshire,cbb4,http://www.bbc.co.uk/services/cambridgeshire,bbc.co.uk
radio_bbc_radio_cornwall,cbb5,http://www.bbc.co.uk/services/cornwall,bbc.co.uk
radio_bbc_radio_coventry,cbb6,http://www.bbc.co.uk/services/coventry,bbc.co.uk
radio_bbc_radio_cumbria,cbb7,http://www.bbc.co.uk/services/cumbria,bbc.co.uk
radio_bbc_radio_derby,cbb8,http://www.bbc.co.uk/services/derby,bbc.co.uk
radio_bbc_radio_devon,cbb9,http://www.bbc.co.uk/services/devon,bbc.co.uk
radio_bbc_radio_essex,cbcb,http://www.bbc.co.uk/services/essex,bbc.co.uk
radio_bbc_radio_gloucestershire,cbcc,http://www.bbc.co.uk/services/gloucestershire,bbc.co.uk
radio_bbc_radio_guernsey,cbcd,http://www.bbc.co.uk/services/guernsey,bbc.co.uk
radio_bbc_radio_herefordandworcester,cbcf,http://www.bbc.co.uk/services/herefordandworcester,bbc.co.uk
radio_bbc_radio_humberside,cbcg,http://www.bbc.co.uk/services/humberside,bbc.co.uk
radio_bbc_radio_jersey,cbch,http://www.bbc.co.uk/services/jersey,bbc.co.uk
radio_bbc_radio_kent,cbcj,http://www.bbc.co.uk/services/kent,bbc.co.uk
radio_bbc_radio_lancashire,cbck,http://www.bbc.co.uk/services/lancashire,bbc.co.uk
radio_bbc_radio_leeds,cbcm,http://www.bbc.co.uk/services/leeds,bbc.co.uk
radio_bbc_radio_leicester,cbcn,http://www.bbc.co.uk/services/leicester,bbc.co.uk
radio_bbc_radio_lincolnshire,cbcp,http://www.bbc.co.uk/services/lincolnshire,bbc.co.uk
radio_bbc_radio_manchester,cbcq,http://www.bbc.co.uk/services/manchester,bbc.co.uk
radio_bbc_radio_merseyside,cbcr,http://www.bbc.co.uk/services/merseyside,bbc.co.uk
radio_bbc_radio_newcastle,cbcs,http://www.bbc.co.uk/services/newcastle,bbc.co.uk
radio_bbc_radio_norfolk,cbct,http://www.bbc.co.uk/services/norfolk,bbc.co.uk
radio_bbc_radio_northampton,cbcv,http://www.bbc.co.uk/services/northampton,bbc.co.uk
radio_bbc_radio_nottingham,cbcw,http://www.bbc.co.uk/services/nottingham,bbc.co.uk
radio_bbc_radio_oxford,cbcx,http://www.bbc.co.uk/services/oxford,bbc.co.uk
radio_bbc_radio_sheffield,cbcy,http://www.bbc.co.uk/services/sheffield,bbc.co.uk
radio_bbc_radio_shropshire,cbcz,http://www.bbc.co.uk/services/shropshire,bbc.co.uk
radio_bbc_radio_solent,cbcB,http://www.bbc.co.uk/services/solent,bbc.co.uk
radio_bbc_radio_somerset,cbcC,http://www.bbc.co.uk/services/somerset,bbc.co.uk
radio_bbc_radio_stoke,cbcD,http://www.bbc.co.uk/services/stoke,bbc.co.uk
radio_bbc_radio_suffolk,cbcF,http://www.bbc.co.uk/services/suffolk,bbc.co.uk
radio_bbc_radio_surrey,cbcG,http://www.bbc.co.uk/services/surrey,bbc.co.uk
radio_bbc_radio_sussex,cbcH,http://www.bbc.co.uk/services/sussex,bbc.co.uk
radio_bbc_radio_wiltshire,cbcJ,http://www.bbc.co.uk/services/wiltshire,bbc.co.uk
radio_bbc_radio_1,cbcQ,http://www.bbc.co.uk/services/radio1/england,bbc.co.uk
radio_bbc_radio_1xtra,cbcR,http://www.bbc.co.uk/services/1xtra,bbc.co.uk
radio_bbc_radio_2,cbcS,http://www.bbc.co.uk/services/radio2,bbc.co.uk
radio_bbc_radio_3,cbcT,http://www.bbc.co.uk/services/radio3,bbc.co.uk
radio_bbc_radio_4,cbcV,http://www.bbc.co.uk/services/radio4/fm,bbc.co.uk
radio_bbc_radio_5_live,cbcW,http://www.bbc.co.uk/services/5live,bbc.co.uk
radio_bbc_radio_5_live_sports_extra,cbcX,http://www.bbc.co.uk/services/5livesportsextra,bbc.co.uk
radio_bbc_radio_6_music,cbcZ,http://www.bbc.co.uk/services/6music,bbc.co.uk
radio_bbc_radio_7,cbcY,http://www.bbc.co.uk/services/radio7,bbc.co.uk
radio_bbc_asian_network,cbc2,http://www.bbc.co.uk/services/asiannetwork,bbc.co.uk
radio_bbc_world_service,cbc4,http://www.bbc.co.uk/services/worldservice,bbc.co.uk
radio_bbc_radio_scotland,cbc5,http://www.bbc.co.uk/services/radioscotland/fm,bbc.co.uk
radio_bbc_radio_scotland_mw,cbc6,http://www.bbc.co.uk/services/radioscotland/mw,bbc.co.uk
radio_bbc_radio_nan_gaidheal,cbc7,http://www.bbc.co.uk/services/radionangaidheal,bbc.co.uk
radio_bbc_radio_ulster,cbc8,http://www.bbc.co.uk/services/radioulster,bbc.co.uk
radio_bbc_radio_foyle,cbc9,http://www.bbc.co.uk/services/radiofoyle,bbc.co.uk
radio_bbc_radio_wales,cbdb,http://www.bbc.co.uk/services/radiowales/fm,bbc.co.uk
radio_bbc_radio_orkney,cbdc,http://www.bbc.co.uk/services/radioorkney,bbc.co.uk
radio_bbc_radio_shetland,cbdd,http://www.bbc.co.uk/services/radioshetland,bbc.co.uk
radio_bbc_radio_cymru,cbdf,http://www.bbc.co.uk/services/radiocymru,bbc.co.uk
radio_bbc_radio_4_lw,cbdg,http://www.bbc.co.uk/services/radio4/lw,bbc.co.uk
radio_bbc_radio_4_extra,cbdh,http://www.bbc.co.uk/services/radio4extra,bbc.co.uk
tv_channel_4_london,cbdj,http://www.channel4.com,channel4.com
tv_more4,cbdk,http://www.channel4.com/more4,channel4.com
tv_film4,cbdm,http://film4.com,channel4.com
tv_e4,cbdn,http://www.e4.com,channel4.com
tv_4_music,cbdp,http://www.4music.com,channel4.com
tv_channel_5,cbdq,http://www.five.tv,five.tv
tv_channel_5_england,cbdq,http://www.five.tv,five.tv
tv_channel_5_north,cbdq,http://www.five.tv,five.tv
tv_channel_5_scotland,cbdq,http://www.five.tv,five.tv
tv_channel_5_northern_ireland,cbdq,http://www.five.tv,five.tv
tv_channel_5+1,cbdr,http://www.five.tv/plus1,five.tv
tv_channel_5_england+1,cbdr,http://www.five.tv/plus1,five.tv
tv_channel_5_north+1,cbdr,http://www.five.tv/plus1,five.tv
tv_channel_5_scotland+1,cbdr,http://www.five.tv/plus1,five.tv
tv_channel_5_northern_ireland+1,cbdr,http://www.five.tv/plus1,five.tv
tv_channel_5_hd,cbds,http://www.five.tv/channels/five_hd,five.tv
tv_5star,cbdt,http://www.five.tv/channels/fiver,five.tv
tv_5usa,cbdv,http://www.five.tv/channels/five-usa,five.tv
tv_itv1_london,cbdw,http://www.itv.com/channels/itv1/london,itv.com
tv_itv1_granada,cbdx,http://www.itv.com/channels/itv1/granada,itv.com
tv_itv1_tyne_tees,cbdy,http://www.itv.com/channels/itv1/tynetees,itv.com
tv_itv1_border_south,cbdz,http://www.itv.com/channels/itv1/bordersouth,itv.com
tv_itv1_meridian,cbdB,http://www.itv.com/channels/itv1/meridian,itv.com
tv_itv1_anglia,cbdC,http://www.itv.com/channels/itv1/anglia,itv.com
tv_itv1_channel,cbdD,http://www.itv.com/channels/itv1/channel,itv.com
tv_itv1_wales,cbdF,http://www.itv.com/channels/itv1/wales,itv.com
tv_itv1_west,cbdG,http://www.itv.com/channels/itv1/west,itv.com
tv_itv1_carlton-central,cbdH,http://www.itv.com/channels/itv1/carltoncentral,itv.com
tv_itv1_carlton-westcountry,cbdJ,http://www.itv.com/channels/itv1/carltonwestcountry,itv.com
tv_itv1_border_north,cbdK,http://www.itv.com/channels/itv1/bordernorth,itv.com
tv_itv1_thames_valley_north,cbdM,http://www.itv.com/channels/itv1/thamesvalleynorth,itv.com
tv_itv1_thames_valley_south,cbdN,http://www.itv.com/channels/itv1/thamesvalleysouth,itv.com
tv_itv1_hd,cbdP,http://www.itv.com/channels/itv1/hd,itv.com
tv_itv1_london_hd,cbdP,http://www.itv.com/channels/itv1/hd,itv.com
tv_itv1_central+1,cbdQ,http://www.itv.com/channels/itv1/central#plus1,itv.com
tv_itv1_granada+1,cbdR,http://www.itv.com/channels/itv1/granada#plus1,itv.com
tv_itv1_london+1,cbdS,http://www.itv.com/channels/itv1/london#plus1,itv.com
tv_itv1_south_east+1,cbdT,http://www.itv.com/channels/itv1/southeast#plus1,itv.com
tv_itv1_utv+1,cbdV,http://www.itv.com/channels/itv1/utv#plus1,itv.com
tv_itv1_west+1,cbdW,http://www.itv.com/channels/itv1/west#plus1,itv.com
tv_itv1_yorkshire_tyne_tees+1,cbdX,http://www.itv.com/channels/itv1/yorkshiretynestees#plus1,itv.com
tv_itv2,cbdZ,http://www.itv.com/channels/itv2,itv.com
tv_itv2_hd,cbdY,http://www.itv.com/channels/itv2/hd,itv.com
tv_itv3,cbd2,http://www.itv.com/channels/itv3,itv.com
tv_itv3_hd,cbd4,http://www.itv.com/channels/itv3/hd,itv.com
tv_itv4,cbd5,http://www.itv.com/channels/itv4,itv.com
tv_itv4_hd,cbd6,http://www.itv.com/channels/itv4/hd,itv.com
tv_y_tv,cbd7,http://ref.atlasapi.org/channels/ytv,
tv_ulster,cbd8,http://ref.atlasapi.org/channels/ulster,
tv_ulster_hd,cbd9,http://ref.atlasapi.org/channels/ulsterhd,
tv_stv_central,cbfb,http://ref.atlasapi.org/channels/stvcentral,
tv_svt_hd,cbfc,http://ref.atlasapi.org/channels/stvhd,
tv_stv_north,cbfd,http://ref.atlasapi.org/channels/stvnorth,
tv_channel_4_london+1,cbff,http://www.channel4.com/cchannel4plus1,channel4.com
tv_s4c,cbfh,http://ref.atlasapi.org/channels/s4c,
tv_s4c_clirlun,cbfj,http://ref.atlasapi.org/channels/s4cclirlun,
tv_rte_1,cbfk,http://ref.atlasapi.org/channels/rte1,
tv_rte_2,cbfm,http://ref.atlasapi.org/channels/rte2,
tv_tg_4,cbfn,http://ref.atlasapi.org/channels/tg4,
tv_tv_3,cbfp,http://ref.atlasapi.org/channels/tv3,
tv_gmtv_digital,cbfq,http://ref.atlasapi.org/channels/gmtv,
tv_itv2+1,cbfr,http://www.itv.com/channels/itv2#plus1,itv.com
tv_e4+1,cbfs,http://www.e4.com/plus1,channel4.com
tv_e4_hd,cbft,http://www.e4.com/hd,channel4.com
tv_itv3+1,cbfv,http://www.itv.com/channels/itv3#plus1,itv.com
tv_more4+1,cbfw,http://www.channel4.com/more4#plus1,channel4.com
tv_itv1+1,cbfx,http://www.itv.com/channels/itv1#plus1,itv.com
tv_itv4+1,cbfy,http://www.itv.com/channels/itv4#plus1,itv.com
tv_citv,cbfz,http://www.itv.com/channels/citv,itv.com
tv_5star+1,cbfB,http://www.five.tv/channels/fiver#plus1,five.tv
tv_5usa+1,cbfC,http://www.five.tv/channels/fiver-usa#plus1,five.tv
tv_the_adult_channel,cbfD,http://ref.atlasapi.org/channels/theadultchannel,
tv_mtv_hits,cbfF,http://ref.atlasapi.org/channels/mtvhits,
tv_mtv_base,cbfG,http://ref.atlasapi.org/channels/mtvbase,
tv_mtv,cbfH,http://ref.atlasapi.org/channels/mtv,
tv_mtv+1,cbfJ,http://ref.atlasapi.org/channels/mtvplus1,
tv_travel_channel,cbfK,http://ref.atlasapi.org/channels/travelchannel,
tv_travel_channel+1,cbfM,http://ref.atlasapi.org/channels/travelchannelplus1,
tv_tv5,cbfN,http://ref.atlasapi.org/channels/tv5,
tv_zee_tv,cbfP,http://ref.atlasapi.org/channels/zeetv,
tv_phoenix_cne,cbfQ,http://ref.atlasapi.org/channels/phoenixcne,
tv_challenge,cbfR,http://ref.atlasapi.org/channels/challenge,
tv_challenge+1,cbfS,http://ref.atlasapi.org/channels/challengeplus1,
tv_home,cbfT,http://ref.atlasapi.org/channels/home,
tv_home+1,cbfV,http://ref.atlasapi.org/channels/homeplus1,
tv_sky_box_office_digital,cbfW,http://ref.atlasapi.org/channels/skyboxofficedigital,
tv_bloomberg_tv,cbfX,http://ref.atlasapi.org/channels/bloombergtv,
tv_the_box,cbfZ,http://ref.atlasapi.org/channels/thebox,
tv_cnn,cbfY,http://ref.atlasapi.org/channels/cnn,
tv_cartoon_network,cbf2,http://ref.atlasapi.org/channels/cartoonnetwork,
tv_god_channel,cbf4,http://ref.atlasapi.org/channels/godchannel,
tv_playboy_tv,cbf5,http://ref.atlasapi.org/channels/playboytv,
tv_animal_planet,cbf6,http://ref.atlasapi.org/channels/animalplanet,
tv_animal_planet+1,cbf7,http://ref.atlasapi.org/channels/animalplanetplus1,
tv_sky_news,cbf8,http://ref.atlasapi.org/channels/skynews,
tv_sky_news_hd,cbf9,http://ref.atlasapi.org/channels/skynewshd,
tv_mtv_rocks,cbgb,http://ref.atlasapi.org/channels/mtvrocks,
tv_living+1,cbgd,http://ref.atlasapi.org/channels/livingplus1,
tv_living_hd,cbgf,http://ref.atlasapi.org/channels/livinghd,
tv_bravo,cbgg,http://ref.atlasapi.org/channels/bravo,
tv_bravo+1,cbgh,http://ref.atlasapi.org/channels/bravoplus1,
tv_discovery_history,cbgj,http://ref.atlasapi.org/channels/discoveryhistory,
tv_discovery_history+1,cbgk,http://ref.atlasapi.org/channels/discoveryhistoryplus1,
tv_discovery_science,cbgm,http://ref.atlasapi.org/channels/discoveryscience,
tv_discovery_science+1,cbgn,http://ref.atlasapi.org/channels/discoveryscienceplus1,
tv_discovery_travel_and_living,cbgp,http://ref.atlasapi.org/channels/discoverytravelandliving,
tv_discovery_travel_and_living+1,cbgq,http://ref.atlasapi.org/channels/discoverytravelandlivingplus1,
tv_history,cbgr,http://ref.atlasapi.org/channels/history,
tv_history+1,cbgs,http://ref.atlasapi.org/channels/historyplus1,
tv_national_geographic,cbgt,http://ref.atlasapi.org/channels/nationalgeographic,
tv_national_geographic+1,cbgv,http://ref.atlasapi.org/channels/nationalgeographicplus1,
tv_gold,cbgw,http://ref.atlasapi.org/channels/gold,
tv_gold+1,cbgx,http://ref.atlasapi.org/channels/goldplus1,
tv_the_disney_channel,cbgy,http://ref.atlasapi.org/channels/thedisneychannel,
tv_the_disney_channel+1,cbgz,http://ref.atlasapi.org/channels/thedisneychannelplus1,
tv_television_x,cbgB,http://ref.atlasapi.org/channels/televisionx,
tv_vh1,cbgC,http://ref.atlasapi.org/channels/vh1,
tv_mtv_classic,cbgD,http://ref.atlasapi.org/channels/mtvclassic,
tv_discovery,cbgF,http://ref.atlasapi.org/channels/discovery,
tv_discovery+1,cbgG,http://ref.atlasapi.org/channels/discoveryplus1,
tv_discovery+1_point5,cbgH,http://ref.atlasapi.org/channels/discoveryplus1point5,
tv_discovery_turbo,cbgJ,http://ref.atlasapi.org/channels/discoveryturbo,
tv_alibi,cbgK,http://ref.atlasapi.org/channels/alibi,
tv_alibi+1,cbgM,http://ref.atlasapi.org/channels/alibiplus1,
tv_universal,cbgN,http://ref.atlasapi.org/channels/universal,
tv_universal_hd,cbgP,http://ref.atlasapi.org/channels/universalhd,
tv_universal+1,cbgQ,http://ref.atlasapi.org/channels/universalplus1,
tv_syfy,cbgR,http://ref.atlasapi.org/channels/syfy,
tv_syfy+1,cbgS,http://ref.atlasapi.org/channels/syfyplus1,
tv_syfy_hd,cbgT,http://ref.atlasapi.org/channels/syfyhd,
tv_comedy_central,cbgV,http://ref.atlasapi.org/channels/comedycentral,
tv_comedy_central+1,cbgW,http://ref.atlasapi.org/channels/comedycentralplus1,
tv_sony_entertainment_tv_asia,cbgX,http://ref.atlasapi.org/channels/sonyentertainmenttvasia,
tv_tcm,cbgZ,http://ref.atlasapi.org/channels/tcm,
tv_nickelodeon,cbgY,http://ref.atlasapi.org/channels/nickelodeon,
tv_nickelodeon_replay,cbg2,http://ref.atlasapi.org/channels/nickelodeonreplay,
tv_cnbc,cbg4,http://ref.atlasapi.org/channels/cnbc,
tv_nick_jr,cbg5,http://ref.atlasapi.org/channels/nickjr,
tv_boomerang,cbg6,http://ref.atlasapi.org/channels/boomerang,
tv_boomerang+1,cbg7,http://ref.atlasapi.org/channels/boomerangplus1,
tv_qvc,cbg8,http://ref.atlasapi.org/channels/qvc,
tv_gbc,cbg9,http://ref.atlasapi.org/channels/gbc,
tv_bbc_entertainment,cbhb,http://ref.atlasapi.org/channels/bbcentertainment,
tv_film4_hd,cbhc,http://ref.atlasapi.org/channels/film4hd,
tv_film4+1,cbhd,http://ref.atlasapi.org/channels/film4plus1,
tv_sky1,cbhf,http://ref.atlasapi.org/channels/sky1,
tv_discovery_home_and_health,cbhg,http://ref.atlasapi.org/channels/discoveryhomeandhealth,
tv_discovery_home_and_health+1,cbhh,http://ref.atlasapi.org/channels/discoveryhomeandhealthplus1,
tv_mutv,cbhj,http://ref.atlasapi.org/channels/mutv,
tv_sky_sports_news,cbhk,http://ref.atlasapi.org/channels/skysportsnews,
tv_eurosport,cbhm,http://ref.atlasapi.org/channels/eurosport,
tv_eurosport_hd,cbhn,http://ref.atlasapi.org/channels/eurosporthd,
tv_kiss,cbhp,http://ref.atlasapi.org/channels/kiss,
tv_playhouse_disney,cbhq,http://ref.atlasapi.org/channels/playhousedisney,
tv_playhouse_disney_plus,cbhr,http://ref.atlasapi.org/channels/playhousedisneyplus,
tv_sky_sports_1,cbhs,http://ref.atlasapi.org/channels/skysports1,
tv_sky_sports_2,cbht,http://ref.atlasapi.org/channels/skysports2,
tv_sky_sports_3,cbhv,http://ref.atlasapi.org/channels/skysports3,
tv_sky_sports_4,cbhw,http://ref.atlasapi.org/channels/skysports4,
tv_bio,cbhx,http://ref.atlasapi.org/channels/bio,
tv_bid,cbhy,http://ref.atlasapi.org/channels/bidtv,
tv_sky_arts_1,cbhz,http://ref.atlasapi.org/channels/skyarts1,
tv_euronews,cbhB,http://ref.atlasapi.org/channels/euronews,
tv_b4u_movies,cbhC,http://ref.atlasapi.org/channels/b4umovies,
tv_extreme_sports,cbhF,http://ref.atlasapi.org/channels/extremesports,
tv_mtv_dance,cbhG,http://ref.atlasapi.org/channels/mtvdance,
tv_star_plus,cbhH,http://ref.atlasapi.org/channels/starplus,
tv_teleg,cbhJ,http://ref.atlasapi.org/channels/teleg,
tv_channel_9,cbhK,http://ref.atlasapi.org/channels/channel9,
tv_good_food,cbhM,http://ref.atlasapi.org/channels/goodfood,
tv_good_food+1,cbhN,http://ref.atlasapi.org/channels/goodfoodplus1,
tv_attheraces,cbhP,http://ref.atlasapi.org/channels/attheraces,
tv_nicktoons_tv,cbhQ,http://ref.atlasapi.org/channels/nicktoonstv,
tv_nicktoons_replay,cbhR,http://ref.atlasapi.org/channels/nicktoonsreplay,
tv_chart_show_tv,cbhS,http://ref.atlasapi.org/channels/chartshowtv,
tv_yesterday,cbhT,http://ref.atlasapi.org/channels/yesterday,
tv_yesterday+1,cbhV,http://ref.atlasapi.org/channels/yesterdayplus1,
tv_magic,cbhW,http://ref.atlasapi.org/channels/magic,
tv_smash_hits,cbhX,http://ref.atlasapi.org/channels/smashhits,
tv_kerrang,cbhZ,http://ref.atlasapi.org/channels/kerrang,
tv_the_community_channel,cbhY,http://ref.atlasapi.org/channels/thecommunitychannel,
tv_sky2,cbh2,http://ref.atlasapi.org/channels/sky2,
tv_e_exlamation,cbh4,http://ref.atlasapi.org/channels/eexlamation,
tv_flaunt,cbh5,http://ref.atlasapi.org/channels/flaunt,
tv_scuzz,cbh6,http://ref.atlasapi.org/channels/scuzz,
tv_bliss,cbh7,http://ref.atlasapi.org/channels/bliss,
tv_espn_america,cbh8,http://ref.atlasapi.org/channels/espnamerica,
tv_espn_america_hd,cbh9,http://ref.atlasapi.org/channels/espnamericahd,
tv_red_hot_40,cbjb,http://ref.atlasapi.org/channels/redhot40,
tv_dave,cbjc,http://ref.atlasapi.org/channels/dave,
tv_dave_ja_vu,cbjd,http://ref.atlasapi.org/channels/davejavu,
tv_price_drop,cbjf,http://ref.atlasapi.org/channels/pricedroptv,
tv_fx,cbjg,http://ref.atlasapi.org/channels/fx,
tv_eden,cbjh,http://ref.atlasapi.org/channels/eden,
tv_eden+1,cbjj,http://ref.atlasapi.org/channels/edenplus1,
tv_eden_hd,cbjk,http://ref.atlasapi.org/channels/edenhd,
tv_blighty,cbjm,http://ref.atlasapi.org/channels/blighty,
tv_horror_channel,cbjn,http://ref.atlasapi.org/channels/thehorrorchannel,
tv_horror_channel+1,cbjp,http://ref.atlasapi.org/channels/thehorrorchannelplus1,
tv_racing_uk,cbjq,http://ref.atlasapi.org/channels/racinguk,
tv_chelsea_tv,cbjr,http://ref.atlasapi.org/channels/chelseatv,
tv_star_news,cbjs,http://ref.atlasapi.org/channels/starnews,
tv_setanta_ireland,cbjt,http://ref.atlasapi.org/channels/setantaireland,
tv_livingit,cbjv,http://ref.atlasapi.org/channels/livingit,
tv_livingit+1,cbjw,http://ref.atlasapi.org/channels/livingitplus1,
tv_eurosport_2,cbjx,http://ref.atlasapi.org/channels/eurosport2,
tv_really,cbjy,http://ref.atlasapi.org/channels/really,
tv_red_hot_tv,cbjz,http://ref.atlasapi.org/channels/redhottv,
tv_comedy_central_extra,cbjB,http://ref.atlasapi.org/channels/comedycentralextra,
tv_comedy_central_extra+1,cbjC,http://ref.atlasapi.org/channels/comedycentralextraplus1,
tv_comedy_central_hd,cbjD,http://ref.atlasapi.org/channels/comedycentralhd,
tv_m95_tv_marbella,cbjF,http://ref.atlasapi.org/channels/m95tvmarbella,
tv_tv3_spanish,cbjG,http://ref.atlasapi.org/channels/tv3spanish,
tv_discovery_real_time,cbjH,http://ref.atlasapi.org/channels/discoveryrealtime,
tv_discovery_real_time+1,cbjJ,http://ref.atlasapi.org/channels/discoveryrealtimeplus1,
tv_motors_tv,cbjK,http://ref.atlasapi.org/channels/motorstv,
tv_discovery_shed,cbjM,http://ref.atlasapi.org/channels/discoveryshed,
tv_true_movies_1,cbjN,http://ref.atlasapi.org/channels/truemovies,
tv_pick_tv,cbjP,http://ref.atlasapi.org/channels/sky3,
tv_pick_tv+1,cbjQ,http://ref.atlasapi.org/channels/sky3plus1,
tv_disney_cinemagic,cbjR,http://ref.atlasapi.org/channels/disneycinemagic,
tv_disney_cinemagic+1,cbjS,http://ref.atlasapi.org/channels/disneycinemagicplus1,
tv_disney_cinemagic_hd,cbjT,http://ref.atlasapi.org/channels/disneycinemagichd,
tv_espn_classic,cbjV,http://ref.atlasapi.org/channels/espnclassic,
tv_three_e,cbjW,http://ref.atlasapi.org/channels/threee,
tv_filmflex,cbjX,http://ref.atlasapi.org/channels/filmflex,
tv_tcm2,cbjZ,http://ref.atlasapi.org/channels/tcm2,
tv_christmas24,cbjY,http://ref.atlasapi.org/channels/christmas24,
tv_christmas24_plus,cbj2,http://ref.atlasapi.org/channels/christmas24plus,
tv_discovery_hd,cbj4,http://ref.atlasapi.org/channels/discoveryhd,
tv_national_geographic_hd,cbj5,http://ref.atlasapi.org/channels/nationalgeographichd,
tv_sky_box_office_hd1,cbj6,http://ref.atlasapi.org/channels/skyboxofficehd1,
tv_sky_box_office_hd2,cbj7,http://ref.atlasapi.org/channels/skyboxofficehd2,
tv_sky_sports_1_hd,cbj8,http://ref.atlasapi.org/channels/skysports1hd,
tv_sky_sports_2_hd,cbj9,http://ref.atlasapi.org/channels/skysports2hd,
tv_e_europe,cbkb,http://ref.atlasapi.org/channels/eeurope,
tv_nat_geo_wild,cbkc,http://ref.atlasapi.org/channels/natgeowild,
tv_crime_and_investigation,cbkd,http://ref.atlasapi.org/channels/crimeandinvestigation,
tv_crime_and_investigation+1,cbkf,http://ref.atlasapi.org/channels/crimeandinvestigationplus1,
tv_sky_movies_christmas,cbkg,http://ref.atlasapi.org/channels/skymovieschristmas,
tv_sky_movies_christmas_hd,cbkh,http://ref.atlasapi.org/channels/skymovieschristmashd,
tv_channel,cbkj,http://ref.atlasapi.org/channels/channel,
tv_channel_hd,cbkk,http://ref.atlasapi.org/channels/channelhd,
tv_sky_movies_crime_and_thriller,cbkm,http://ref.atlasapi.org/channels/skymoviescrimeandthriller,
tv_sky_movies_crime_and_thriller_hd,cbkn,http://ref.atlasapi.org/channels/skymoviescrimeandthrillerhd,
tv_sky_movies_premiere,cbkp,http://ref.atlasapi.org/channels/skymoviespremiere,
tv_sky_movies_premiere+1,cbkq,http://ref.atlasapi.org/channels/skymoviespremiereplus1,
tv_sky_movies_premiere_hd,cbkr,http://ref.atlasapi.org/channels/skymoviespremierehd,
tv_sky_movies_comedy,cbks,http://ref.atlasapi.org/channels/skymoviescomedy,
tv_sky_movies_comedy_hd,cbkt,http://ref.atlasapi.org/channels/skymoviescomedyhd,
tv_sky_movies_action_and_adventure,cbkv,http://ref.atlasapi.org/channels/skymoviesactionandadventure,
tv_sky_movies_action_and_adventure_hd,cbkw,http://ref.atlasapi.org/channels/skymoviesactionandadventurehd,
tv_sky_movies_family,cbkx,http://ref.atlasapi.org/channels/skymoviesfamily,
tv_sky_movies_family_hd,cbky,http://ref.atlasapi.org/channels/skymoviesfamilyhd,
tv_sky_movies_drama_and_romance,cbkz,http://ref.atlasapi.org/channels/skymoviesdramaandromance,
tv_sky_movies_drama_and_romance_hd,cbkB,http://ref.atlasapi.org/channels/skymoviesdramaandromancehd,
tv_sky_movies_scifi_horror,cbkC,http://ref.atlasapi.org/channels/skymoviesscifihorror,
tv_sky_movies_scifi_horror_hd,cbkD,http://ref.atlasapi.org/channels/skymoviesscifihorrorhd,
tv_sky_movies_classics,cbkF,http://ref.atlasapi.org/channels/skymoviesclassics,
tv_sky_movies_classics_hd,cbkG,http://ref.atlasapi.org/channels/skymoviesclassicshd,
tv_sky_movies_modern_greats,cbkH,http://ref.atlasapi.org/channels/skymoviesmoderngreats,
tv_sky_movies_modern_greats_hd,cbkJ,http://ref.atlasapi.org/channels/skymoviesmoderngreatshd,
tv_sky_movies_indie,cbkK,http://ref.atlasapi.org/channels/skymoviesindie,
tv_sky_movies_indie_hd,cbkM,http://ref.atlasapi.org/channels/skymoviesindiehd,
tv_al_jazeera_english,cbkN,http://ref.atlasapi.org/channels/aljazeeraenglish,
tv_history_hd,cbkP,http://ref.atlasapi.org/channels/historyhd,
tv_sky1_hd,cbkQ,http://ref.atlasapi.org/channels/sky1hd,
tv_sky_arts_1_hd,cbkR,http://ref.atlasapi.org/channels/skyarts1hd,
tv_cartoonito,cbkS,http://ref.atlasapi.org/channels/cartoonito,
tv_best_direct,cbkT,http://ref.atlasapi.org/channels/bestdirect,
tv_bravo_2,cbkV,http://ref.atlasapi.org/channels/bravo2,
tv_deutsche_welle,cbkW,http://ref.atlasapi.org/channels/deutschewelle,
tv_gems_tv,cbkX,http://ref.atlasapi.org/channels/gemstv,
tv_gem_collector,cbkZ,http://ref.atlasapi.org/channels/gemcollector,
tv_channel_s,cbkY,http://ref.atlasapi.org/channels/channels,
tv_setanta_sports_1_ireland,cbk2,http://ref.atlasapi.org/channels/setantasports1ireland,
tv_diva,cbk4,http://ref.atlasapi.org/channels/diva,
tv_diva+1,cbk5,http://ref.atlasapi.org/channels/divaplus1,
tv_channel_one,cbk6,http://ref.atlasapi.org/channels/channelone,
tv_channel_one+1,cbk7,http://ref.atlasapi.org/channels/channeloneplus1,
tv_cn_too,cbk8,http://ref.atlasapi.org/channels/cntoo,
tv_pop,cbk9,http://ref.atlasapi.org/channels/pop,
tv_tiny_pop,cbmb,http://ref.atlasapi.org/channels/tinypop,
tv_dmax,cbmc,http://ref.atlasapi.org/channels/dmax,
tv_dmax+1,cbmd,http://ref.atlasapi.org/channels/dmaxplus1,
tv_horse_and_country_tv,cbmg,http://ref.atlasapi.org/channels/horseandcountry,
tv_channel_7,cbmh,http://ref.atlasapi.org/channels/channel7,
tv_sky_sports_3_hd,cbmj,http://ref.atlasapi.org/channels/skysports3hd,
tv_flava,cbmk,http://ref.atlasapi.org/channels/flava,
tv_fx_hd,cbmm,http://ref.atlasapi.org/channels/fxhd,
tv_national_geographic_hd_pan_european,cbmn,http://ref.atlasapi.org/channels/nationalgeographichdpaneuropean,
tv_movies4men,cbmp,http://ref.atlasapi.org/channels/movies4men,
tv_movies4men+1,cbmq,http://ref.atlasapi.org/channels/movies4menplus1,
tv_true_movies_2,cbmr,http://ref.atlasapi.org/channels/truemovies2,
tv_movies4men_2,cbms,http://ref.atlasapi.org/channels/movies4men2,
tv_movies4men_2+1,cbmt,http://ref.atlasapi.org/channels/movies4men2plus1,
tv_military_history,cbmv,http://ref.atlasapi.org/channels/militaryhistory,
tv_the_style_network,cbmw,http://ref.atlasapi.org/channels/thestylenetwork,
tv_watch,cbmx,http://ref.atlasapi.org/channels/watch,
tv_watch+1,cbmy,http://ref.atlasapi.org/channels/watchplus1,
tv_sky_arts_2,cbmz,http://ref.atlasapi.org/channels/skyarts2,
tv_wedding_tv,cbmB,http://ref.atlasapi.org/channels/weddingtv,
tv_propeller_tv,cbmC,http://ref.atlasapi.org/channels/propellertv,
tv_mtvn_hd,cbmD,http://ref.atlasapi.org/channels/mtvnhd,
tv_investigation_discovery,cbmF,http://ref.atlasapi.org/channels/investigationdiscovery,
tv_ait_international,cbmG,http://ref.atlasapi.org/channels/aitinternational,
tv_cinemoi,cbmH,http://ref.atlasapi.org/channels/cinemoi,
tv_sky_arts_2_hd,cbmJ,http://ref.atlasapi.org/channels/skyarts2hd,
tv_bio_hd,cbmK,http://ref.atlasapi.org/channels/biohd,
tv_crime_and_investigation_hd,cbmM,http://ref.atlasapi.org/channels/crimeandinvestigationhd,
tv_nat_geo_wild_hd,cbmN,http://ref.atlasapi.org/channels/natgeowildhd,
tv_quest,cbmP,http://ref.atlasapi.org/channels/quest,
tv_discovery_quest+1,cbmQ,http://ref.atlasapi.org/channels/discoveryquestplus1,
tv_quest_freeview,cbmR,http://ref.atlasapi.org/channels/questfreeview,
tv_espn,cbmS,http://ref.atlasapi.org/channels/espn,
tv_espn_hd,cbmT,http://ref.atlasapi.org/channels/espnhd,
tv_disney_xd,cbmV,http://ref.atlasapi.org/channels/disneyxd,
tv_disney_xd+1,cbmW,http://ref.atlasapi.org/channels/disneyxdplus1,
tv_disney_xd_hd,cbmX,http://ref.atlasapi.org/channels/disneyxdhd,
tv_cbs_reality,cbmZ,http://ref.atlasapi.org/channels/cbsreality,
tv_mgm,cbmY,http://ref.atlasapi.org/channels/mgm,
tv_cbs_drama,cbm2,http://ref.atlasapi.org/channels/cbsdrama,
tv_cbs_action,cbm4,http://ref.atlasapi.org/channels/cbsaction,
tv_viva,cbm5,http://ref.atlasapi.org/channels/viva,
tv_food_network,cbm6,http://ref.atlasapi.org/channels/foodnetwork,
tv_food_network+1,cbm7,http://ref.atlasapi.org/channels/foodnetworkplus1,
tv_mgm_hd,cbm8,http://ref.atlasapi.org/channels/mgmhd,
tv_mtv_shows,cbm9,http://ref.atlasapi.org/channels/mtvshows,
tv_nick_jr_2,cbnb,http://ref.atlasapi.org/channels/nickjr2,
tv_nhk_world_hd,cbnc,http://ref.atlasapi.org/channels/nhkworld,
tv_true_entertainment,cbnd,http://ref.atlasapi.org/channels/trueent,
tv_body_in_balance,cbnf,http://ref.atlasapi.org/channels/bodyinbalance,
tv_the_active_channel,cbng,http://ref.atlasapi.org/channels/theactivechannel,
tv_fitness_tv,cbnh,http://ref.atlasapi.org/channels/fitnesstv,
tv_rush_hd,cbnj,http://ref.atlasapi.org/channels/rushhd,
tv_bbc_sport_interactive_bbc_one,cbnk,http://ref.atlasapi.org/channels/bbcsportinteractivebbcone,
tv_bbc_sport_interactive_bbc_two,cbnm,http://ref.atlasapi.org/channels/bbcsportinteractivebbctwo,
tv_bbc_sport_interactive_bbc_three,cbnn,http://ref.atlasapi.org/channels/bbcsportinteractivebbcthree,
tv_bbc_sport_interactive_freeview,cbnp,http://ref.atlasapi.org/channels/bbcsportinteractivefreeview,
tv_sky_3d,cbnq,http://ref.atlasapi.org/channels/sky3d,
tv_sky_sports_4_hd,cbnr,http://ref.atlasapi.org/channels/skysports4hd,
tv_sky_atlantic,cbns,http://ref.atlasapi.org/channels/skyatlantic,
tv_sky_atlantic_hd,cbnt,http://ref.atlasapi.org/channels/skyatlantichd,
tv_sky_movies_showcase,cbnv,http://ref.atlasapi.org/channels/skymoviesshowcase,
tv_sky_movies_showcase_hd,cbnw,http://ref.atlasapi.org/channels/skymoviesshowcasehd,
tv_discovery_knowledge,cbnx,http://ref.atlasapi.org/channels/discoveryknowledge,
tv_sky_living,cbny,http://ref.atlasapi.org/channels/skyliving,
tv_sky_living_loves,cbnz,http://ref.atlasapi.org/channels/skylivingloves,
tv_living_+2,cbnB,http://ref.atlasapi.org/channels/livingplus2,
tv_fx+,cbnC,http://ref.atlasapi.org/channels/fxplus,
tv_bbc_alba,cbnD,http://ref.atlasapi.org/channels/bbcalba,
tv_sky_livingit,cbnF,http://ref.atlasapi.org/channels/skylivingit,
tv_s4c2,cbnG,http://ref.atlasapi.org/channels/sc42,
tv_5usa+1,cbnH,http://ref.atlasapi.org/channels/fiveusaplus1,
tv_mtv_music,cbnJ,http://ref.atlasapi.org/channels/mtvmusic,
tv_tve_internacional,cbnK,http://ref.atlasapi.org/channels/tveinternacional,
tv_super_casino,cbnM,http://ref.atlasapi.org/channels/supercasino,
tv_simply_shopping,cbnN,http://ref.atlasapi.org/channels/simplyshopping,
tv_q,cbnP,http://ref.atlasapi.org/channels/q,
tv_movies24,cbnQ,http://ref.atlasapi.org/channels/movies24,
tv_movies24+,cbnR,http://ref.atlasapi.org/channels/movies24plus,
tv_bet+1,cbnS,http://ref.atlasapi.org/channels/betplus1,
tv_bet,cbnT,http://ref.atlasapi.org/channels/betinternational,
tv_pbs,cbnV,http://ref.atlasapi.org/channels/pbs,
radio_xfm,cbnW,http://ref.atlasapi.org/channels/xfmradio,
radio_xfm_london,cbnW,http://ref.atlasapi.org/channels/xfmradio,
radio_absolute_radio,cbnX,http://ref.atlasapi.org/channels/absoluteradio,
radio_absolute_80s,cbnZ,http://ref.atlasapi.org/channels/absolute80sradio,
radio_absolute_radio_90s,cbnY,http://ref.atlasapi.org/channels/absolute90sradio,
radio_absolute_00s,cbn2,http://ref.atlasapi.org/channels/absolute00sradio,
radio_absolute_classic_rock,cbn4,http://ref.atlasapi.org/channels/absoluteclassicrockradio,
radio_absolute_radio_extra,cbn5,http://ref.atlasapi.org/channels/absoluteradioextra,
radio_kiss,cbn6,http://ref.atlasapi.org/channels/kissradio,
radio_magic,cbn7,http://ref.atlasapi.org/channels/magicradio,
radio_classic_fm,cbn8,http://ref.atlasapi.org/channels/classicfm,
radio_talksport,cbn9,http://ref.atlasapi.org/channels/talksportradio,
radio_smash_hits,cbpb,http://ref.atlasapi.org/channels/smashhitsradio,
radio_kerrang,cbpc,http://ref.atlasapi.org/channels/kerrangradio,
radio_heat,cbpd,http://ref.atlasapi.org/channels/heatradio,
radio_capital_fm,cbpf,http://ref.atlasapi.org/channels/capitalfm,
radio_heart_london,cbpg,http://ref.atlasapi.org/channels/heartlondonradio,
tv_canale_italia_3,cbpm,http://tvblob.com/channel/canaleitalia3,tvblob.com
tv_canale_italia_83,cbpn,http://tvblob.com/channel/canaleitalia83,tvblob.com
tv_canale_italia_84,cbpp,http://tvblob.com/channel/canaleitalia84,tvblob.com
tv_canale_italia_musica,cbpq,http://tvblob.com/channel/canaleitaliamusica,tvblob.com
tv_canale_italia_uno,cbpr,http://tvblob.com/channel/canaleitaliauno,tvblob.com
tv_cartoon_network_-_premium,cbpy,http://tvblob.com/channel/cartoonnetwork,tvblob.com
tv_dahlia_1_calcio,cbpM,http://tvblob.com/channel/dahlia1calcio,tvblob.com
tv_dahlia_2_calcio,cbpP,http://tvblob.com/channel/dahlia2calcio,tvblob.com
tv_dahlia_2_sport,cbpQ,http://tvblob.com/channel/dahlia2sport,tvblob.com
tv_dahlia_3_adult,cbpR,http://tvblob.com/channel/dahlia3adult,tvblob.com
tv_dahlia_3_calcio,cbpS,http://tvblob.com/channel/dahlia3calcio,tvblob.com
tv_dahlia_4_calcio,cbpT,http://tvblob.com/channel/dahlia4calcio,tvblob.com
tv_dahlia_5_calcio,cbpV,http://tvblob.com/channel/dahlia5calcio,tvblob.com
tv_dahlia_adult,cbpW,http://tvblob.com/channel/dahliaadult,tvblob.com
tv_dahlia_adult_gay,cbpX,http://tvblob.com/channel/dahliaadultgay,tvblob.com
tv_dahlia_explorer,cbpZ,http://tvblob.com/channel/dahliaexplorer,tvblob.com
tv_dahlia_extra,cbpY,http://tvblob.com/channel/dahliaextra,tvblob.com
tv_dahlia_sport,cbp2,http://tvblob.com/channel/dahliasport,tvblob.com
tv_dahlia_xtreme,cbp4,http://tvblob.com/channel/dahliaxtreme,tvblob.com
tv_deejay_tv,cbp5,http://tvblob.com/channel/deejaytv,tvblob.com
tv_deejay_tv_+2,cbp6,http://tvblob.com/channel/deejaytv_piu2,tvblob.com
tv_disney_channel_-_premium,cbp7,http://tvblob.com/channel/disneychannel,tvblob.com
tv_disney_channel+1_-_premium,cbp8,http://tvblob.com/channel/disneychannelpiuuno,tvblob.com
tv_e21_network_1,cbp9,http://tvblob.com/channel/e21network1,tvblob.com
tv_elite_shopping,cbqb,http://tvblob.com/channel/eliteshopping,tvblob.com
tv_espansione_tv,cbqc,http://tvblob.com/channel/espansionetv,tvblob.com
tv_euronews,cbqd,http://tvblob.com/channel/euronews,tvblob.com
tv_fd_auditorium,cbqf,http://tvblob.com/channel/fdauditorium,tvblob.com
tv_fd_leggera,cbqg,http://tvblob.com/channel/fdleggera,tvblob.com
tv_france_24,cbqh,http://tvblob.com/channel/france24,tvblob.com
tv_frisbee,cbqj,http://tvblob.com/channel/frisbee,tvblob.com
tv_glamour_plus_vm18,cbqk,http://tvblob.com/channel/glamourplus,tvblob.com
tv_gold_tv,cbqm,http://tvblob.com/channel/goldtv,tvblob.com
tv_hiro_-_premium,cbqn,http://tvblob.com/channel/hiro,tvblob.com
tv_holiday,cbqp,http://tvblob.com/channel/holiday,tvblob.com
tv_inter_tv,cbqq,http://tvblob.com/channel/intertv,tvblob.com
tv_iris,cbqr,http://tvblob.com/channel/iris,tvblob.com
tv_italia_8_al,cbqs,http://tvblob.com/channel/italia8al,tvblob.com
tv_italia_8_mi,cbqt,http://tvblob.com/channel/italia8mi,tvblob.com
tv_italia_8_prestige,cbqv,http://tvblob.com/channel/italia8prestige,tvblob.com
tv_italia_mia,cbqw,http://tvblob.com/channel/italiamia,tvblob.com
tv_italia_tv,cbqx,http://tvblob.com/channel/italiatv,tvblob.com
tv_italia1,cbqy,http://tvblob.com/channel/italia_1,tvblob.com
tv_italia1+1,cbqz,http://tvblob.com/channel/italia1_piu1,tvblob.com
tv_italia1_hd,cbqB,http://tvblob.com/channel/italia1_hd,tvblob.com
tv_joi_-_premium,cbqC,http://tvblob.com/channel/joi,tvblob.com
tv_joi+1_-_premium,cbqD,http://tvblob.com/channel/joipiuuno,tvblob.com
tv_la7_news_on_demand,cbqM,http://tvblob.com/channel/la7newsondemand,tvblob.com
tv_la7_on_demand,cbqN,http://tvblob.com/channel/la7ondemand,tvblob.com
tv_la7_servizi_on_demand,cbqP,http://tvblob.com/channel/la7serviziondemand,tvblob.com
tv_la7d_on_demand,cbqR,http://tvblob.com/channel/la7dondemand,tvblob.com
tv_lombardia_channel,cbqS,http://tvblob.com/channel/lombardiachannel,tvblob.com
tv_mediaset_extra,cbqW,http://tvblob.com/channel/mediaset_extra,tvblob.com
tv_mtv_music_on_demand,cbq6,http://tvblob.com/channel/mtvmusicondemand,tvblob.com
tv_mtv_news_on_demand,cbq7,http://tvblob.com/channel/mtvnewsondemand,tvblob.com
tv_mtv_on_demand,cbq8,http://tvblob.com/channel/mtvondemand,tvblob.com
tv_mtv+,cbq9,http://tvblob.com/channel/mtvplus,tvblob.com
tv_mtv+_on_demand,cbrb,http://tvblob.com/channel/mtvplusondemand,tvblob.com
tv_mya_-_premium,cbrc,http://tvblob.com/channel/mya,tvblob.com
tv_mya+1_-_premium,cbrd,http://tvblob.com/channel/myapiuuno,tvblob.com
tv_nitegate_attivazione,cbrf,http://tvblob.com/channel/nitegateattivazione,tvblob.com
tv_notturno_italiano,cbrg,http://tvblob.com/channel/notturnoitaliano,tvblob.com
tv_odeon_24,cbrh,http://tvblob.com/channel/odeon24,tvblob.com
tv_palermo_channel_tv,cbrj,http://tvblob.com/channel/palermochannel,tvblob.com
tv_playhouse_disney_-_premium,cbrn,http://tvblob.com/channel/playhousedisney,tvblob.com
tv_playme,cbrp,http://tvblob.com/channel/playme,tvblob.com
tv_poker_italia_24,cbrq,http://tvblob.com/channel/pokeritalia24,tvblob.com
tv_portale_servizi_telecom,cbrr,http://tvblob.com/channel/portaleservizitelecom,tvblob.com
tv_premium_calcio,cbrs,http://tvblob.com/channel/premiumcalcio,tvblob.com
tv_premium_calcio_1,cbrt,http://tvblob.com/channel/premiumcalcio1,tvblob.com
tv_premium_calcio_2,cbrv,http://tvblob.com/channel/premiumcalcio2,tvblob.com
tv_premium_calcio_3,cbrw,http://tvblob.com/channel/premiumcalcio3,tvblob.com
tv_premium_calcio_4,cbrx,http://tvblob.com/channel/premiumcalcio4,tvblob.com
tv_premium_calcio_5,cbry,http://tvblob.com/channel/premiumcalcio5,tvblob.com
tv_premium_calcio_6,cbrz,http://tvblob.com/channel/premiumcalcio6,tvblob.com
tv_premium_calcio_hd_1,cbrB,http://tvblob.com/channel/premiumcalciohd1,tvblob.com
tv_premium_calcio_hd_2,cbrC,http://tvblob.com/channel/premiumcalciohd2,tvblob.com
tv_premium_cinema,cbrD,http://tvblob.com/channel/premiumcinema,tvblob.com
tv_premium_cinema_hd,cbrF,http://tvblob.com/channel/premiumcinemahd,tvblob.com
tv_premium_emotion,cbrG,http://tvblob.com/channel/premiumemotion,tvblob.com
tv_premium_energy,cbrH,http://tvblob.com/channel/premiumenergy,tvblob.com
tv_premium_extra_1,cbrJ,http://tvblob.com/channel/premiumextra1,tvblob.com
tv_premium_extra_2,cbrK,http://tvblob.com/channel/premiumextra2,tvblob.com
tv_premium_menu,cbrM,http://tvblob.com/channel/premiummenu,tvblob.com
tv_premium_test,cbrN,http://tvblob.com/channel/premiumtest,tvblob.com
tv_prima_rete,cbrP,http://tvblob.com/channel/primarete,tvblob.com
tv_qvc,cbrR,http://tvblob.com/channel/qvc,tvblob.com
tv_r_italia_smi,cbrS,http://tvblob.com/channel/ritaliasmi,tvblob.com
radio_radio_alex,cbrT,http://tvblob.com/channel/radioalex,tvblob.com
radio_radio_capital,cbrV,http://tvblob.com/channel/radiocapital,tvblob.com
radio_radio_capri,cbrW,http://tvblob.com/channel/radiocapri,tvblob.com
radio_radio_capri_television,cbrX,http://tvblob.com/channel/radiocapritelevision,tvblob.com
radio_radio_city,cbrZ,http://tvblob.com/channel/radiocity,tvblob.com
radio_radio_deejay,cbrY,http://tvblob.com/channel/radiodeejay,tvblob.com
radio_radio_due,cbr2,http://tvblob.com/channel/radiodue,tvblob.com
radio_radio_m2o,cbr4,http://tvblob.com/channel/radiom2o,tvblob.com
radio_radio_marconi,cbr5,http://tvblob.com/channel/radiomarconi,tvblob.com
radio_radio_marconi_classic,cbr6,http://tvblob.com/channel/radiomarconiclassic,tvblob.com
radio_radio_maria,cbr7,http://tvblob.com/channel/radiomaria,tvblob.com
radio_radio_mater,cbr8,http://tvblob.com/channel/radiomater,tvblob.com
radio_radio_milan_inter,cbr9,http://tvblob.com/channel/radiomilaninter,tvblob.com
radio_radio_millennium,cbsb,http://tvblob.com/channel/radiomillennium,tvblob.com
tv_rai_extra,cbsn,http://tvblob.com/channel/raisatextra,tvblob.com
tv_rai_gulp,cbsp,http://tvblob.com/channel/raigulp,tvblob.com
tv_rai_hd,cbsq,http://tvblob.com/channel/raiHD,tvblob.com
tv_rai_movie,cbsr,http://tvblob.com/channel/rai_movie,tvblob.com
tv_rai_news,cbss,http://tvblob.com/channel/rainews,tvblob.com
tv_rai_premium,cbst,http://tvblob.com/channel/raipremium,tvblob.com
tv_rai_scuola,cbsv,http://tvblob.com/channel/raiscuola,tvblob.com
tv_rai_sport_1,cbsw,http://tvblob.com/channel/raisportuno,tvblob.com
tv_rai_sport_2,cbsx,http://tvblob.com/channel/raisportdue,tvblob.com
tv_rai_storia,cbsy,http://tvblob.com/channel/raistoria,tvblob.com
tv_rai_yoyo,cbsz,http://tvblob.com/channel/raiyoyo,tvblob.com
tv_real_time,cbsB,http://tvblob.com/channel/realtime,tvblob.com
tv_repubblica_tv,cbsC,http://tvblob.com/channel/repubblicatv,tvblob.com
tv_rete_55,cbsD,http://tvblob.com/channel/rete55,tvblob.com
tv_rete_capri,cbsF,http://tvblob.com/channel/retecapri,tvblob.com
tv_rete_capri+1,cbsG,http://tvblob.com/channel/retecapripiuuno,tvblob.com
tv_rete4,cbsH,http://tvblob.com/channel/rete_4,tvblob.com
tv_rete4+1,cbsJ,http://tvblob.com/channel/rete4_piu1,tvblob.com
tv_rete4_hd,cbsK,http://tvblob.com/channel/rete4_hd,tvblob.com
tv_rovi,cbsM,http://tvblob.com/channel/rovi,tvblob.com
tv_rsi_la_1,cbsN,http://tvblob.com/channel/rsila1,tvblob.com
tv_rsi_la_2,cbsP,http://tvblob.com/channel/rsila2,tvblob.com
tv_rtl_,cbsQ,http://tvblob.com/channel/rtl1025,tvblob.com
tv_salute_e_natura,cbsR,http://tvblob.com/channel/saluteenatura,tvblob.com
tv_sexo_amatorial,cbsS,http://tvblob.com/channel/sexoamatorial,tvblob.com
tv_sexo_exclusive,cbsT,http://tvblob.com/channel/sexoexclusive,tvblob.com
tv_sexo_exotica,cbsV,http://tvblob.com/channel/sexoexotica,tvblob.com
tv_sexo_transgression,cbsW,http://tvblob.com/channel/sexotransgression,tvblob.com
tv_smile_tv,cbsZ,http://tvblob.com/channel/smiletv,tvblob.com
tv_sport_italia,cbsY,http://tvblob.com/channel/sportitalia,tvblob.com
tv_sport_italia_2,cbs2,http://tvblob.com/channel/sportitalia2,tvblob.com
tv_sport_italia_24,cbs4,http://tvblob.com/channel/sportitalia24,tvblob.com
tv_srg_-_swiss_pop,cbs5,http://tvblob.com/channel/srgswisspop,tvblob.com
tv_steel_-_premium,cbs6,http://tvblob.com/channel/steel,tvblob.com
tv_steel+1_-_premium,cbs7,http://tvblob.com/channel/steelpiuuno,tvblob.com
tv_studio_1,cbs8,http://tvblob.com/channel/studio1,tvblob.com
tv_studio_1_hd,cbs9,http://tvblob.com/channel/studio1hd,tvblob.com
tv_studio_1_test,cbtb,http://tvblob.com/channel/studio1test,tvblob.com
tv_studio_7,cbtc,http://tvblob.com/channel/studio7,tvblob.com
tv_studio_store,cbtd,http://tvblob.com/channel/studiostore,tvblob.com
tv_studio_universal_-_premium,cbtf,http://tvblob.com/channel/studiouniversal,tvblob.com
tv_studionord_tv,cbtg,http://tvblob.com/channel/studionordtv,tvblob.com
tv_super_tennis,cbth,http://tvblob.com/channel/supertennis,tvblob.com
tv_telecity_7_gold,cbtp,http://tvblob.com/channel/telecity7gold,tvblob.com
tv_telecity_7_gold_lombardia,cbtq,http://tvblob.com/channel/telecity7goldlombardia,tvblob.com
tv_telelombardia,cbts,http://tvblob.com/channel/telelombardia,tvblob.com
tv_telereporter,cbtD,http://tvblob.com/channel/telereporter,tvblob.com
tv_telestar,cbtF,http://tvblob.com/channel/telestar,tvblob.com
tv_telestar+1_mi,cbtG,http://tvblob.com/channel/telestarmipiuuno,tvblob.com
tv_telestar_mi,cbtH,http://tvblob.com/channel/telestarmi,tvblob.com
tv_tg_mediaset,cbtJ,http://tvblob.com/channel/tgmediaset,tvblob.com
tv_tg_norba_24,cbtK,http://tvblob.com/channel/tgnorba24,tvblob.com
tv_tivuitalia_test_4,cbtM,http://tvblob.com/channel/tivuitaliatest4,tvblob.com
tv_tivuitalia_test_5,cbtN,http://tvblob.com/channel/tivuitaliatest5,tvblob.com
tv_tivuitalia_test_6,cbtP,http://tvblob.com/channel/tivuitaliatest6,tvblob.com
tv_tivuitalia_test_7,cbtQ,http://tvblob.com/channel/tivuitaliatest7,tvblob.com
tv_tivuitalia_test_8,cbtR,http://tvblob.com/channel/tivuitaliatest8,tvblob.com
tv_tlc_telecampione,cbtS,http://tvblob.com/channel/telecampione,tvblob.com
tv_top_calcio_24,cbtT,http://tvblob.com/channel/topcalcio24,tvblob.com
tv_top_music,cbtV,http://tvblob.com/channel/topmusic,tvblob.com
tv_top_tech,cbtW,http://tvblob.com/channel/toptech,tvblob.com
tv_trs,cbtX,http://tvblob.com/channel/trs,tvblob.com
tv_trs_tv_1,cbtZ,http://tvblob.com/channel/trstv1,tvblob.com
tv_trs_tv_2,cbtY,http://tvblob.com/channel/trstv2,tvblob.com
tv_trs_tv_servizio,cbt2,http://tvblob.com/channel/trstvservizio,tvblob.com
tv_trs_tv_test1,cbt4,http://tvblob.com/channel/trstvtest1,tvblob.com
tv_trs_tv_test2,cbt5,http://tvblob.com/channel/trstvtest2,tvblob.com
tv_tsr1,cbt6,http://tvblob.com/channel/tsr1,tvblob.com
tv_tv_2000,cbt7,http://tvblob.com/channel/tv2000,tvblob.com
tv_vertigo_black,cbt8,http://tvblob.com/channel/vertigoblack,tvblob.com
tv_vertigotv_it_vm18,cbt9,http://tvblob.com/channel/vertigotvit,tvblob.com
tv_viaggiando_tv,cbvb,http://tvblob.com/channel/viaggiandotv,tvblob.com
tv_videostar,cbvc,http://tvblob.com/channel/videostar,tvblob.com
radio_virginradio_tv,cbvd,http://tvblob.com/channel/virginradiotv,tvblob.com
radio_smooth_radio,cbvf,http://ref.atlasapi.org/channels/b,
radio_102_capital_fm,cbvg,http://ref.atlasapi.org/channels/c,
radio_102_town_fm,cbvh,http://ref.atlasapi.org/channels/d,
radio__capital_fm,cbvj,http://ref.atlasapi.org/channels/f,
radio__smooth_radio,cbvk,http://ref.atlasapi.org/channels/g,
radio_103_the_eye,cbvm,http://ref.atlasapi.org/channels/h,
radio__capital_fm,cbvn,http://ref.atlasapi.org/channels/j,
radio_105_capital_fm,cbvp,http://ref.atlasapi.org/channels/k,
radio_105-106_capital_fm_scotland,cbvq,http://ref.atlasapi.org/channels/m,
radio__smooth_radio,cbvr,http://ref.atlasapi.org/channels/n,
radio__smooth_radio,cbvs,http://ref.atlasapi.org/channels/p,
radio_105/106_capital_fm,cbvt,http://ref.atlasapi.org/channels/2,
radio__rock_radio,cbvv,http://ref.atlasapi.org/channels/r,
radio__smooth_radio,cbvw,http://ref.atlasapi.org/channels/s,
radio__the_severn,cbvx,http://ref.atlasapi.org/channels/t,
radio__juice_fm,cbvy,http://ref.atlasapi.org/channels/v,
radio_2_fm,cbvz,http://ref.atlasapi.org/channels/w,
radio_2br,cbvB,http://ref.atlasapi.org/channels/x,
radio_4fm,cbvC,http://ref.atlasapi.org/channels/y,
radio_capital_fm,cbvD,http://ref.atlasapi.org/channels/z,
radio__rock_radio,cbvF,http://ref.atlasapi.org/channels/4,
radio__radio_wave,cbvG,http://ref.atlasapi.org/channels/5,
radio_/_capital_fm,cbvH,http://ref.atlasapi.org/channels/6,
radio__kemet_fm,cbvJ,http://ref.atlasapi.org/channels/7,
radio__smooth_radio,cbvK,http://ref.atlasapi.org/channels/8,
radio_fm_cork_campus_radio,cbvM,http://ref.atlasapi.org/channels/9,
radio_98fm,cbvN,http://ref.atlasapi.org/channels/cb,
radio_absolute_xtreme,cbvP,http://ref.atlasapi.org/channels/cd,
radio_amazing_radio,cbvQ,http://ref.atlasapi.org/channels/cf,
radio_arrow,cbvR,http://ref.atlasapi.org/channels/cg,
radio_arrow_fm,cbvS,http://ref.atlasapi.org/channels/ch,
radio_bay,cbvT,http://ref.atlasapi.org/channels/cj,
radio_bcb_fm,cbvV,http://ref.atlasapi.org/channels/cp,
radio_beach_fm,cbvW,http://ref.atlasapi.org/channels/cq,
radio_beacon,cbvX,http://ref.atlasapi.org/channels/cr,
radio_black_diamond,cbvZ,http://ref.atlasapi.org/channels/cs,
radio_blast_fm,cbvY,http://ref.atlasapi.org/channels/ct,
radio_borders_radio,cbv2,http://ref.atlasapi.org/channels/cv,
radio_bright_,cbv4,http://ref.atlasapi.org/channels/cw,
radio_brmb_,cbv5,http://ref.atlasapi.org/channels/cx,
radio_buzz_asia,cbv6,http://ref.atlasapi.org/channels/cy,
radio_c103_(north_and_east_cork),cbv7,http://ref.atlasapi.org/channels/cz,
radio_c103_(west_cork),cbv8,http://ref.atlasapi.org/channels/c2,
radio_central_fm,cbv9,http://ref.atlasapi.org/channels/c5,
radio_ceredigion,cbwb,http://ref.atlasapi.org/channels/c6,
radio_cfm,cbwc,http://ref.atlasapi.org/channels/c7,
radio_channel_103,cbwd,http://ref.atlasapi.org/channels/c8,
radio_chelmsford_radio,cbwf,http://ref.atlasapi.org/channels/c9,
radio_chill,cbwg,http://ref.atlasapi.org/channels/db,
radio_choice,cbwh,http://ref.atlasapi.org/channels/dc,
radio_choice_fm,cbwj,http://ref.atlasapi.org/channels/dd,
radio_city_beat_fm,cbwk,http://ref.atlasapi.org/channels/df,
radio_city_talk_,cbwm,http://ref.atlasapi.org/channels/dg,
radio_clare_fm,cbwn,http://ref.atlasapi.org/channels/dh,
radio_clyde_1,cbwp,http://ref.atlasapi.org/channels/dj,
radio_clyde_2,cbwq,http://ref.atlasapi.org/channels/dk,
radio_coast_106,cbwr,http://ref.atlasapi.org/channels/dm,
radio_coastline_radio,cbws,http://ref.atlasapi.org/channels/dn,
radio_compass_fm,cbwt,http://ref.atlasapi.org/channels/dp,
radio_connect_fm,cbwv,http://ref.atlasapi.org/channels/dq,
radio_connect_fm_,cbww,http://ref.atlasapi.org/channels/dr,
radio_cool_fm,cbwx,http://ref.atlasapi.org/channels/ds,
radio_corks_96fm,cbwy,http://ref.atlasapi.org/channels/dt,
radio_county_sound_radio,cbwz,http://ref.atlasapi.org/channels/dv,
radio_coventry_and_warwickshire_fm,cbwB,http://ref.atlasapi.org/channels/dw,
radio_cuh_fm_,cbwC,http://ref.atlasapi.org/channels/dx,
radio_derbys_ram_fm,cbwD,http://ref.atlasapi.org/channels/dy,
radio_devon_mw,cbwF,http://ref.atlasapi.org/channels/dz,
radio_downtown_radio,cbwG,http://ref.atlasapi.org/channels/d2,
radio_dream_100,cbwH,http://ref.atlasapi.org/channels/d4,
radio_dublin_city_fm,cbwJ,http://ref.atlasapi.org/channels/d5,
radio_dune_fm,cbwK,http://ref.atlasapi.org/channels/d6,
radio_eagle_,cbwM,http://ref.atlasapi.org/channels/d7,
radio_east_coast_radio,cbwN,http://ref.atlasapi.org/channels/d8,
radio_fire,cbwP,http://ref.atlasapi.org/channels/d9,
radio_fm_104,cbwQ,http://ref.atlasapi.org/channels/fb,
radio_forest_fm,cbwR,http://ref.atlasapi.org/channels/fc,
radio_forth_2,cbwS,http://ref.atlasapi.org/channels/fd,
radio_forth_one,cbwT,http://ref.atlasapi.org/channels/ff,
radio_fresh_am,cbwV,http://ref.atlasapi.org/channels/fg,
radio_fun_kids,cbwW,http://ref.atlasapi.org/channels/fh,
radio_future_radio,cbwX,http://ref.atlasapi.org/channels/fj,
radio_galway_bay_fm_,cbwZ,http://ref.atlasapi.org/channels/fk,
radio_gem_106,cbwY,http://ref.atlasapi.org/channels/fm,
radio_glide_fm,cbw2,http://ref.atlasapi.org/channels/fn,
radio_gold,cbw4,http://ref.atlasapi.org/channels/fp,
radio_hallam_fm,cbw5,http://ref.atlasapi.org/channels/fq,
radio_heart_fm,cbxm,http://ref.atlasapi.org/channels/f8,
radio_heart,cbxm,http://ref.atlasapi.org/channels/f8,
radio_heart_anglesey_and_gwynedd,cbxv,http://ref.atlasapi.org/channels/gh,
radio_heart_berkshire_and_north_hampshire,cbxw,http://ref.atlasapi.org/channels/gj,
radio_heart_gloucestershire,cbxx,http://ref.atlasapi.org/channels/gk,
radio_heart_home_counties,cbxy,http://ref.atlasapi.org/channels/gm,
radio_heart_kent,cbxz,http://ref.atlasapi.org/channels/gn,
radio_heart_sussex,cbxB,http://ref.atlasapi.org/channels/gp,
radio_heart_west_midlands,cbxC,http://ref.atlasapi.org/channels/gr,
radio_heart_wiltshire,cbxD,http://ref.atlasapi.org/channels/gs,
radio_heartland,cbxF,http://ref.atlasapi.org/channels/gt,
radio_hope_fm,cbxG,http://ref.atlasapi.org/channels/gw,
radio_imagine_fm,cbxH,http://ref.atlasapi.org/channels/gx,
radio_ipswich_community_radio,cbxJ,http://ref.atlasapi.org/channels/gy,
radio_island_fm,cbxK,http://ref.atlasapi.org/channels/gz,
radio_isle_of_wight_radio,cbxM,http://ref.atlasapi.org/channels/g2,
radio_isles_fm,cbxN,http://ref.atlasapi.org/channels/g4,
radio_jack_fm,cbxP,http://ref.atlasapi.org/channels/g5,
radio_jazz_fm,cbxQ,http://ref.atlasapi.org/channels/g6,
radio_juice_,cbxR,http://ref.atlasapi.org/channels/g7,
radio_kcfm,cbxS,http://ref.atlasapi.org/channels/g8,
radio_key_103,cbxT,http://ref.atlasapi.org/channels/g9,
radio_kfm,cbxV,http://ref.atlasapi.org/channels/hb,
radio_kingdom_fm,cbxW,http://ref.atlasapi.org/channels/hc,
radio_kingstown,cbxX,http://ref.atlasapi.org/channels/hd,
radio_kiss_101,cbxZ,http://ref.atlasapi.org/channels/hf,
radio_kiss_105-108,cbxY,http://ref.atlasapi.org/channels/hg,
radio_klfm,cbx2,http://ref.atlasapi.org/channels/hh,
radio_kmfm_,cbx4,http://ref.atlasapi.org/channels/hj,
radio_kmfm_106,cbx5,http://ref.atlasapi.org/channels/hk,
radio_kmfm_,cbx6,http://ref.atlasapi.org/channels/hm,
radio_kmfm_,cbx7,http://ref.atlasapi.org/channels/hn,
radio_kmfm_/,cbx8,http://ref.atlasapi.org/channels/hp,
radio_kmfm_/,cbx9,http://ref.atlasapi.org/channels/hq,
radio_kmfm_/,cbyb,http://ref.atlasapi.org/channels/hr,
radio_lbc_,cbyc,http://ref.atlasapi.org/channels/hs,
radio_lbc_news_1152,cbyd,http://ref.atlasapi.org/channels/ht,
radio_leith,cbyf,http://ref.atlasapi.org/channels/hv,
radio_life_fm_,cbyg,http://ref.atlasapi.org/channels/hw,
radio_lincs_fm,cbyh,http://ref.atlasapi.org/channels/hx,
radio_live_95,cbyj,http://ref.atlasapi.org/channels/hy,
radio_lm_fm_radio,cbyk,http://ref.atlasapi.org/channels/hz,
radio_lochbroom_fm,cbym,http://ref.atlasapi.org/channels/h2,
radio_magic_fm,cbyn,http://ref.atlasapi.org/channels/h4,
radio_magic_1152_(manchester),cbyp,http://ref.atlasapi.org/channels/h5,
radio_magic_1152_am,cbyq,http://ref.atlasapi.org/channels/h6,
radio_magic_1170,cbyr,http://ref.atlasapi.org/channels/h7,
radio_magic_1548,cbys,http://ref.atlasapi.org/channels/h8,
radio_magic_828,cbyt,http://ref.atlasapi.org/channels/h9,
radio_magic_999,cbyv,http://ref.atlasapi.org/channels/jb,
radio_magic_am,cbyw,http://ref.atlasapi.org/channels/jc,
radio_magic_digital,cbyx,http://ref.atlasapi.org/channels/jd,
radio_mansfield_,cbyy,http://ref.atlasapi.org/channels/jf,
radio_mercia_fm,cbyz,http://ref.atlasapi.org/channels/jg,
radio_metro,cbyB,http://ref.atlasapi.org/channels/jh,
radio_midwest_radio,cbyC,http://ref.atlasapi.org/channels/jj,
radio_minster_fm,cbyD,http://ref.atlasapi.org/channels/jk,
radio_moray_firth_radio_fm,cbyF,http://ref.atlasapi.org/channels/jm,
radio_moray_firth_radio_mw,cbyG,http://ref.atlasapi.org/channels/jn,
radio_necr_fm,cbyH,http://ref.atlasapi.org/channels/jp,
radio_nene_valley,cbyJ,http://ref.atlasapi.org/channels/jq,
radio_nevis_radio,cbyK,http://ref.atlasapi.org/channels/jr,
radio_newport_city_radio,cbyM,http://ref.atlasapi.org/channels/js,
radio_newstalk,cbyN,http://ref.atlasapi.org/channels/jt,
radio_nme_radio,cbyP,http://ref.atlasapi.org/channels/jv,
radio_north_norfolk_radio,cbyQ,http://ref.atlasapi.org/channels/jw,
radio_northsound_one,cbyR,http://ref.atlasapi.org/channels/jx,
radio_northsound_two,cbyS,http://ref.atlasapi.org/channels/jy,
radio_onda_cero_marbella,cbyT,http://ref.atlasapi.org/channels/jz,
radio_peak_107fm,cbyV,http://ref.atlasapi.org/channels/j2,
radio_pirate_fm,cbyW,http://ref.atlasapi.org/channels/j4,
radio_planet_rock,cbyX,http://ref.atlasapi.org/channels/j5,
radio_premier_christian_radio,cbyZ,http://ref.atlasapi.org/channels/j6,
radio_pulse,cbyY,http://ref.atlasapi.org/channels/j7,
radio_pulse_2,cby2,http://ref.atlasapi.org/channels/j8,
radio_q102,cby4,http://ref.atlasapi.org/channels/j9,
radio_q,cby5,http://ref.atlasapi.org/channels/kb,
radio_radio_aire,cby6,http://ref.atlasapi.org/channels/kc,
radio_radio_altea,cby7,http://ref.atlasapi.org/channels/kd,
radio_radio_cavell,cby8,http://ref.atlasapi.org/channels/kf,
radio_radio_city_,cby9,http://ref.atlasapi.org/channels/kg,
radio_radio_firebird,cbzb,http://ref.atlasapi.org/channels/kh,
radio_radio_grapevine,cbzc,http://ref.atlasapi.org/channels/kj,
radio_radio_gwendolen,cbzd,http://ref.atlasapi.org/channels/kk,
radio_radio_kerry,cbzf,http://ref.atlasapi.org/channels/km,
radio_radio_link,cbzg,http://ref.atlasapi.org/channels/kn,
radio_radio_maldwyn,cbzh,http://ref.atlasapi.org/channels/kp,
radio_radio_norwich,cbzj,http://ref.atlasapi.org/channels/kq,
radio_radio_orkney_mw,cbzk,http://ref.atlasapi.org/channels/kr,
radio_radio_pembrokeshire,cbzm,http://ref.atlasapi.org/channels/ks,
radio_radio_salobrena,cbzn,http://ref.atlasapi.org/channels/kt,
radio_radio_shetland_mw,cbzp,http://ref.atlasapi.org/channels/kv,
radio_radio_wave,cbzq,http://ref.atlasapi.org/channels/kw,
radio_radio_xl,cbzr,http://ref.atlasapi.org/channels/kx,
radio_real_radio_(north_east),cbzs,http://ref.atlasapi.org/channels/ky,
radio_real_radio_(north_west),cbzt,http://ref.atlasapi.org/channels/kz,
radio_real_radio_(scotland),cbzv,http://ref.atlasapi.org/channels/gq,
radio_real_radio_wales,cbzw,http://ref.atlasapi.org/channels/k4,
radio_real_radio_(yorkshire),cbzx,http://ref.atlasapi.org/channels/k5,
radio_red_dot_radio,cbzy,http://ref.atlasapi.org/channels/k6,
radio_red_fm,cbzz,http://ref.atlasapi.org/channels/k7,
radio_revolution,cbzB,http://ref.atlasapi.org/channels/k8,
radio_riviera_radio,cbzC,http://ref.atlasapi.org/channels/k9,
radio_rock_fm,cbzD,http://ref.atlasapi.org/channels/mb,
radio_rte_lyric_fm,cbzF,http://ref.atlasapi.org/channels/mc,
radio_rte_radio_1,cbzG,http://ref.atlasapi.org/channels/md,
radio_rte_radio_1_lw,cbzH,http://ref.atlasapi.org/channels/mf,
radio_rte_raidio_na_gaeltachta,cbzJ,http://ref.atlasapi.org/channels/mg,
radio_rugby_fm,cbzK,http://ref.atlasapi.org/channels/mh,
radio_sabras,cbzM,http://ref.atlasapi.org/channels/mj,
radio_signal_one_,cbzN,http://ref.atlasapi.org/channels/mk,
radio_signal_one_for_stafford_fm,cbzP,http://ref.atlasapi.org/channels/mm,
radio_signal_two,cbzQ,http://ref.atlasapi.org/channels/mn,
radio_south_east_radio,cbzR,http://ref.atlasapi.org/channels/mq,
radio_sovereign,cbzS,http://ref.atlasapi.org/channels/mr,
radio_spectrum_558_am_radio,cbzT,http://ref.atlasapi.org/channels/ms,
radio_spectrum_radio,cbzV,http://ref.atlasapi.org/channels/mt,
radio_spin_1038,cbzW,http://ref.atlasapi.org/channels/mv,
radio_spire_fm_radio,cbzX,http://ref.atlasapi.org/channels/mw,
radio_spirit_fm_and_,cbzZ,http://ref.atlasapi.org/channels/mx,
radio_splash_fm,cbzY,http://ref.atlasapi.org/channels/my,
radio_star_107_(cambridge),cbz2,http://ref.atlasapi.org/channels/mz,
radio_star_,cbz4,http://ref.atlasapi.org/channels/m2,
radio_star_,cbz5,http://ref.atlasapi.org/channels/m4,
radio_star_radio,cbz6,http://ref.atlasapi.org/channels/m5,
radio_stray,cbz7,http://ref.atlasapi.org/channels/m6,
radio_sun_fm_,cbz8,http://ref.atlasapi.org/channels/m7,
radio_sunrise_radio,cbz9,http://ref.atlasapi.org/channels/m8,
radio_sunrise_radio_fm,cbBb,http://ref.atlasapi.org/channels/m9,
radio_sunshine_855,cbBc,http://ref.atlasapi.org/channels/nb,
radio_swansea,cbBd,http://ref.atlasapi.org/channels/nc,
radio_tay_am,cbBf,http://ref.atlasapi.org/channels/nd,
radio_tay_fm,cbBg,http://ref.atlasapi.org/channels/nf,
radio_tempo_fm,cbBh,http://ref.atlasapi.org/channels/ng,
radio_tfm_radio,cbBj,http://ref.atlasapi.org/channels/nh,
radio_the_bee,cbBk,http://ref.atlasapi.org/channels/nj,
radio_the_hits,cbBm,http://ref.atlasapi.org/channels/nk,
radio_the_severn,cbBn,http://ref.atlasapi.org/channels/nm,
radio_tipp_fm,cbBp,http://ref.atlasapi.org/channels/nn,
radio_tipperary_mid_west_fm_radio,cbBq,http://ref.atlasapi.org/channels/np,
radio_today_fm,cbBr,http://ref.atlasapi.org/channels/nq,
radio_total_star_,cbBs,http://ref.atlasapi.org/channels/nr,
radio_touch_radio_/,cbBt,http://ref.atlasapi.org/channels/ns,
radio_touch_radio_102,cbBv,http://ref.atlasapi.org/channels/nt,
radio_touch_radio_,cbBw,http://ref.atlasapi.org/channels/nv,
radio_tower_fm,cbBx,http://ref.atlasapi.org/channels/nw,
radio_trax_fm,cbBy,http://ref.atlasapi.org/channels/nx,
radio_u,cbBz,http://ref.atlasapi.org/channels/ny,
radio_utd_christian_broadcasting,cbBB,http://ref.atlasapi.org/channels/nz,
radio_viking_fm,cbBC,http://ref.atlasapi.org/channels/n2,
radio_waterford,cbBD,http://ref.atlasapi.org/channels/n4,
radio_wave_102fm,cbBF,http://ref.atlasapi.org/channels/n5,
radio_wave_fm,cbBG,http://ref.atlasapi.org/channels/n6,
radio_wave_fm,cbBH,http://ref.atlasapi.org/channels/n7,
radio_waves_,cbBJ,http://ref.atlasapi.org/channels/n8,
radio_wcr_fm,cbBK,http://ref.atlasapi.org/channels/n9,
radio_wessex_fm,cbBM,http://ref.atlasapi.org/channels/pb,
radio_west_fm,cbBN,http://ref.atlasapi.org/channels/pc,
radio_west_sound_fm,cbBP,http://ref.atlasapi.org/channels/pd,
radio_westsound_ayrshire_1035am,cbBQ,http://ref.atlasapi.org/channels/pf,
radio_wish_fm,cbBR,http://ref.atlasapi.org/channels/pg,
radio_wolf,cbBS,http://ref.atlasapi.org/channels/ph,
radio_world_radio_network,cbBT,http://ref.atlasapi.org/channels/pj,
radio_wyre_,cbBV,http://ref.atlasapi.org/channels/pk,
radio_wyvern_fm,cbBW,http://ref.atlasapi.org/channels/pm,
radio_xfm_manchester,cbBX,http://ref.atlasapi.org/channels/pn,
radio_yorkshire_coast_(brid)_fm,cbBZ,http://ref.atlasapi.org/channels/pp,
radio_yorkshire_coast_fm,cbBY,http://ref.atlasapi.org/channels/pq,
tv_sky_sports_f1,999,http://ref.atlasapi.org/channels/skysportsf1,
