SID,IDENT,NAME,FSAT NUM,SKY NUM,HD,REGIONAL,RADIO,ICON
0,,?TV,0,267,0,0,0,
7715,5*,5*,131,176,0,0,0,http://www.lyngsat-logo.com/logo/tv/cc/channel5_star.jpg
7716,5* +1,5* +1,132,236,0,0,0,http://www.lyngsat-logo.com/logo/tv/cc/channel5_star_plus1.jpg
7710,5 USA,5USA,129,174,0,0,0,http://www.lyngsat-logo.com/logo/tv/cc/channel5_usa.jpg
7711,5 USA +1,5USA +1,130,175,0,0,0,http://www.lyngsat-logo.com/logo/tv/cc/channel5_usa.jpg
55515,9XM,9XM,0,851,0,0,0,
55500,Aastha,Aastha TV,0,849,0,0,0,http://www.lyngsat-logo.com/logo/tv/aa/aastha.jpg
53122,Absolute80s,Absolute 80s,726,1200,0,0,1,http://www.lyngsat-logo.com/logo/radio/aa/absolute_radio_80s.jpg
53120,Absolute CR,Absolute Classic Rock,0,1201,0,0,1,http://www.lyngsat-logo.com/logo/radio/aa/absolute_radio_classic_rock.jpg
53121,Absolute,Absolute Radio,724,1107,0,0,1,http://www.lyngsat-logo.com/logo/radio/aa/absolute_radio_00s.jpg
53127,Abs Rad 90s,Absolute Radio 90s,0,1203,0,0,1,http://www.lyngsat-logo.com/logo/radio/aa/absolute_radio_90s.jpg
50866,Abu Dhabi TV,Abu Dhabi TV,0,796,0,0,0,
52131,Ahlebait TV,Ahlebait TV,0,835,0,0,0,
55228,Ahlulbayt TV,Ahlulbayt TV,0,842,0,0,0,http://www.lyngsat-logo.com/logo/tv/aa/ahlulbayt.jpg
53118,jazeerachildren,Al Jazeera Children's Channel,0,823,0,0,0,
51107,Al Jazeera Eng,Al Jazeera English,203,514,0,0,0,http://www.lyngsat-logo.com/logo/tv/aa/al_jazeera_english.jpg
53123,Amrit Bani,Amrit Bani,0,1176,0,0,1,http://www.lyngsat-logo.com/logo/radio/aa/amrit_bani.jpg
54106,Argos TV,Argos TV,819,642,0,0,0,http://www.lyngsat-logo.com/logo/tv/aa/argos_tv.jpg
53510,ARY World,ARY One World,0,806,0,0,0,
52535,ARY QTV,ARY Qtv,0,804,0,0,0,http://www.lyngsat-logo.com/logo/tv/aa/ary_qtv.jpg
54053,ATN Bangla UK,ATN Bangla,0,827,0,0,0,http://www.lyngsat-logo.com/logo/tv/aa/atn_bangla.jpg
52135,B4U Music,B4U Music,504,781,0,0,0,http://www.lyngsat-logo.com/logo/tv/bb/b4u_music.jpg
53587,Babe Guide,Babe Guide,0,951,0,0,0,
55207,Babestation,Babestation,870,906,0,0,0,http://www.lyngsat-logo.com/icon/tv/bb/babestation.gif
54115,Bangla TV,Bangla TV,0,786,0,0,0,http://www.lyngsat-logo.com/logo/tv/bb/bangla_tv.jpg
10357,BBC ALBA,BBC Alba,110,168,0,0,0,http://www.lyngsat-logo.com/logo/tv/bb/bbc_alba.jpg
6760,BBC Asian,BBC Asian Network,709,1119,0,0,1,http://www.lyngsat-logo.com/logo/radio/bb/bbc_radio_asian_network.jpg
6416,BBC FOUR,BBC Four,107,116,0,0,0,http://www.lyngsat-logo.com/logo/tv/bb/bbc4.jpg
6940,BBC HD,BBC HD,109,169,1,0,0,http://www.lyngsat-logo.com/logo/tv/bb/bbc_hd_uk.jpg
0,,BBC London 94.9,718,1152,0,0,1,
6405,BBC NEWS,BBC News,200,503,0,0,0,http://www.lyngsat-logo.com/logo/tv/bb/bbc_news.jpg
0,,BBC One,101,101,0,1,0,http://www.lyngsat-logo.com/logo/tv/bb/bbc_one.jpg
6351,BBC 1 East (W),BBC One Cambridge,0,0,0,0,0,http://www.lyngsat-logo.com/logo/tv/bb/bbc_one_east_west.jpg
6361,BBC 1 CI,BBC One Channel Islands,951,988,0,0,0,http://www.lyngsat-logo.com/logo/tv/bb/bbc_one_channel_islands.jpg
10306,BBC 1 East (E),BBC One East,953,981,0,0,0,http://www.lyngsat-logo.com/logo/tv/bb/bbc_one_east_east.jpg
10305,BBC 1 E Mids,BBC One East Midlands,952,980,0,0,0,http://www.lyngsat-logo.com/logo/tv/bb/bbc_one_east_midlands.jpg
6941,BBC One HD,BBC One HD,108,143,1,0,0,http://www.lyngsat-logo.com/logo/tv/bb/bbc_one_hd.jpg
6301,BBC 1 London,BBC One London,950,974,0,0,0,http://www.lyngsat-logo.com/logo/tv/bb/bbc_one_london.jpg
6770,BBC  London,BBC One London,950,974,0,0,0,http://www.lyngsat-logo.com/logo/tv/bb/bbc_one_london.jpg
10355,BBC 1 NE & C,BBC One North East & Cumbria,956,975,0,0,0,http://www.lyngsat-logo.com/logo/tv/bb/bbc_one_north_east_cumbria.jpg
6441,BBC 1 N West,BBC One North West,955,978,0,0,0,http://www.lyngsat-logo.com/logo/tv/bb/bbc_one_north_west.jpg
10361,BBC 1 NI,BBC One Northern Ireland,957,973,0,0,0,http://www.lyngsat-logo.com/logo/tv/bb/bbc_one_northern_ireland.jpg
10356,BBC 1 Oxford,BBC One Oxford,958,985,0,0,0,http://www.lyngsat-logo.com/logo/tv/bb/bbc_one_oxford.jpg
6421,BBC 1 Scotland,BBC One Scotland,960,971,0,0,0,http://www.lyngsat-logo.com/logo/tv/bb/bbc_one_scotland.jpg
10353,BBC 1 South,BBC One South,961,984,0,0,0,http://www.lyngsat-logo.com/logo/tv/bb/bbc_one_south.jpg
6461,BBC 1 S East,BBC One South East,959,983,0,0,0,http://www.lyngsat-logo.com/logo/tv/bb/bbc_one_south_east.jpg
10354,BBC 1 S West,BBC One South West,962,987,0,0,0,http://www.lyngsat-logo.com/logo/tv/bb/bbc_one_south_west.jpg
10311,BBC 1 Wales,BBC One Wales,964,972,0,0,0,http://www.lyngsat-logo.com/logo/tv/bb/bbc_one_wales.jpg
6341,BBC 1 West,BBC One West,965,986,0,0,0,http://www.lyngsat-logo.com/logo/tv/bb/bbc_one_west.jpg
10301,BBC 1 W Mids,BBC One West Midlands,963,979,0,0,0,http://www.lyngsat-logo.com/logo/tv/bb/bbc_one_west_midlands.jpg
10303,BBC 1 Yrks&Lin,BBC One Yorks & Lincs,967,977,0,0,0,http://www.lyngsat-logo.com/logo/tv/bb/bbc_one_yorkshire_north_midlands.jpg
6451,BBC 1 Yorks,BBC One Yorkshire,966,976,0,0,0,http://www.lyngsat-logo.com/logo/tv/bb/bbc_one_yorkshire_lincolnshire.jpg
10307,BBC PARL'MNT,BBC Parliament,201,504,0,0,0,http://www.lyngsat-logo.com/logo/tv/bb/bbc_parliament.jpg
6751,BBC R1,BBC Radio 1,700,1101,0,0,1,http://www.lyngsat-logo.com/logo/radio/bb/bbc_radio1.jpg
6766,BBC R1X,BBC Radio 1Xtra,701,1137,0,0,1,http://www.lyngsat-logo.com/logo/radio/bb/bbc_radio1_xtra.jpg
6752,BBC R2,BBC Radio 2,702,1102,0,0,1,http://www.lyngsat-logo.com/logo/radio/bb/bbc_radio2.jpg
6753,BBC R3,BBC Radio 3,703,1103,0,0,1,http://www.lyngsat-logo.com/logo/radio/bb/bbc_radio3.jpg
6768,BBC R4 Ex,BBC Radio 4 Extra,708,1131,0,0,1,http://www.lyngsat-logo.com/logo/radio/bb/bbc_radio4_extra.jpg
6754,BBC R4 FM,BBC Radio 4 FM,704,1104,0,0,1,http://www.lyngsat-logo.com/logo/radio/bb/bbc_radio4.jpg
6755,BBC R4 LW,BBC Radio 4 LW,710,1143,0,0,1,http://www.lyngsat-logo.com/logo/radio/bb/bbc_radio4.jpg
6401,BBC R5L,BBC Radio 5 Live,705,1105,0,0,1,http://www.lyngsat-logo.com/logo/radio/bb/bbc_radio5_live_sports_extra.jpg
6464,BBC R5SX,BBC Radio 5 Live Sports Extra,706,1144,0,0,1,http://www.lyngsat-logo.com/logo/radio/bb/bbc_radio5_live_sports_extra.jpg
6767,BBC 6 Music,BBC Radio 6 Music,707,1120,0,0,1,http://www.lyngsat-logo.com/logo/radio/bb/bbc_radio6_music.jpg
6763,BBC R Cymru,BBC Radio Cymru,715,1154,0,0,1,http://www.lyngsat-logo.com/logo/radio/bb/bbc_radio_cymru.jpg
6769,BBC R n Gael,BBC Radio nan Gàidheal,713,1139,0,0,1,http://www.lyngsat-logo.com/logo/radio/bb/bbc_radio_nan_gaidheal.jpg
6757,BBC R Scot.,BBC Radio Scotland,712,1116,0,0,1,http://www.lyngsat-logo.com/logo/radio/bb/bbc_radio_scotland.jpg
6759,BBC R Ulster,BBC Radio Ulster,716,1118,0,0,1,http://www.lyngsat-logo.com/logo/radio/bb/bbc_radio_ulster.jpg
6758,BBC R Wales,BBC Radio Wales,714,1117,0,0,1,http://www.lyngsat-logo.com/logo/radio/bb/bbc_radio_wales.jpg
6319,BBC THREE,BBC Three,106,115,0,0,0,http://www.lyngsat-logo.com/logo/tv/bb/bbc_three.jpg
0,,BBC Two,102,102,0,1,0,http://www.lyngsat-logo.com/logo/tv/bb/bbc2.jpg
6302,BBC 2 England,BBC Two England,968,989,0,0,0,http://www.lyngsat-logo.com/logo/tv/bb/bbc2.jpg
10362,BBC 2 NI,BBC Two Northern Ireland,969,992,0,0,0,http://www.lyngsat-logo.com/logo/tv/bb/bbc2_northern_ireland.jpg
6422,BBC 2 Scotland,BBC Two Scotland,970,990,0,0,0,http://www.lyngsat-logo.com/logo/tv/bb/bbc2_scotland.jpg
10312,BBC 2 Wales,BBC Two Wales,971,991,0,0,0,http://www.lyngsat-logo.com/logo/tv/bb/bbc2_wales.jpg
6761,BBC WS,BBC World Service,711,1115,0,0,1,http://www.lyngsat-logo.com/logo/radio/bb/bbc_world_service.jpg
6711,6711,BBCi 1,0,0,0,0,0,
6712,6712,BBCi 2,0,0,0,0,0,
6713,6713,BBCi 3,0,0,0,0,0,
6714,6714,BBCi 4,0,0,0,0,0,
6715,6715,BBCi 5,0,0,0,0,0,
54135,Believe TV,Believe TV,0,596,0,0,0,http://www.lyngsat-logo.com/logo/tv/bb/believe_tv.jpg
55002,BEN,BEN,0,184,0,0,0,http://www.lyngsat-logo.com/logo/tv/bb/ben.jpg
54112,Best Direct,Best Direct,0,649,0,0,0,http://www.lyngsat-logo.com/logo/tv/bb/bestdirect.jpg
53230,BET,BET,140,191,0,0,0,http://www.lyngsat-logo.com/logo/tv/bb/bet_uk.jpg
52060,BET +1,BET +1,141,198,0,0,0,http://www.lyngsat-logo.com/logo/tv/bb/bet_uk.jpg
52028,BFBS Radio,BFBS Radio 1,786,1211,0,0,1,http://www.lyngsat-logo.com/logo/radio/bb/bfbs_cyprus.jpg
7250,bid,Bid,802,654,0,0,0,http://www.lyngsat-logo.com/logo/tv/bb/bid_tv.jpg
53305,Bliss,Bliss,517,372,0,0,0,http://www.lyngsat-logo.com/logo/tv/bb/bliss.jpg
52550,Bloomberg,Bloomberg TV,208,502,0,0,0,http://www.lyngsat-logo.com/logo/tv/bb/bloomberg.jpg
53275,Blue Kiss TV,Blue Bird TV,0,0,0,0,0,
54101,Body In Balance,Body In Balance UK,0,0,0,0,0,http://www.lyngsat-logo.com/logo/tv/bb/body_in_balance.jpg
55108,Brit Asia TV,Brit Asia TV,0,833,0,0,0,http://www.lyngsat-logo.com/logo/tv/bb/brit_asia_tv.jpg
9281,c4 l,c4 l,0,0,0,0,0,
0,,Calvary Radio,0,1156,0,0,1,
9560,Capital FM,Capital FM,719,1109,0,0,1,http://www.lyngsat-logo.com/logo/radio/cc/capital_fm_london.jpg
6317,CBBC Channel,CBBC,600,613,0,0,0,http://www.lyngsat-logo.com/logo/tv/cc/cbbc.jpg
6418,CBeebies,CBeebies,601,614,0,0,0,http://www.lyngsat-logo.com/logo/tv/bb/bbc_cbeebies.jpg
52007,CBS Action,CBS Action,137,148,0,0,0,http://www.lyngsat-logo.com/logo/tv/cc/cbs_action.jpg
50903,CBS Drama,CBS Drama,134,149,0,0,0,http://www.lyngsat-logo.com/logo/tv/cc/cbs_drama.jpg
9532,CBS Reality,CBS Reality,135,146,0,0,0,http://www.lyngsat-logo.com/logo/tv/cc/cbs_reality.jpg
52102,CBS Reality+1,CBS Reality +1,136,147,0,0,0,http://www.lyngsat-logo.com/logo/tv/cc/cbs_reality_plus1.jpg
51011,CCTV News,CCTV News,211,510,0,0,0,http://www.lyngsat-logo.com/logo/tv/cc/cctv_news_english.jpg
53589,CelebrityShop,Celebrity Shop,0,677,0,0,0,http://www.lyngsat-logo.com/logo/tv/cc/celebrity_shop.jpg
0,,Channel 4,104,104,0,1,0,http://www.lyngsat-logo.com/logo/tv/cc/channel4.jpg
0,,Channel 4 +1,121,135,0,1,0,http://www.lyngsat-logo.com/logo/tv/cc/channel4_plus1.jpg
0,,Channel 4 +1,975,995,0,0,0,http://www.lyngsat-logo.com/logo/tv/cc/channel4_plus1.jpg
21200,Channel 4 HD,Channel 4 HD,126,140,1,0,0,http://www.lyngsat-logo.com/logo/tv/cc/channel4_hd.jpg
9211,Channel 4,Channel 4 London,974,994,0,0,0,http://www.lyngsat-logo.com/logo/tv/cc/channel4_uk.jpg
8311,Channel 4 +1,Channel 4 London +1,0,0,0,0,0,http://www.lyngsat-logo.com/logo/tv/cc/channel4_plus1.jpg
9213,Channel 4,Channel 4 Midlands,0,0,0,0,0,http://www.lyngsat-logo.com/logo/tv/cc/channel4_midlands.jpg
8313,Channel 4 +1,Channel 4 Midlands +1,0,0,0,0,0,http://www.lyngsat-logo.com/logo/tv/cc/channel4_midlands_plus1.jpg
9214,Channel 4,Channel 4 North,0,0,0,0,0,http://www.lyngsat-logo.com/logo/tv/cc/channel4_north.jpg
8314,Channel 4 +1,Channel 4 North +1,0,0,0,0,0,http://www.lyngsat-logo.com/logo/tv/cc/channel4_north_plus1.jpg
9215,Channel 4,Channel 4 Northern Ireland,0,0,0,0,0,http://www.lyngsat-logo.com/logo/tv/cc/channel4_northern_ireland.jpg
8315,Channel 4 +1,Channel 4 Northern Ireland +1,0,0,0,0,0,http://www.lyngsat-logo.com/logo/tv/cc/channel4_northern_ireland_plus1.jpg
9216,Channel 4,Channel 4 Scotland,0,0,0,0,0,http://www.lyngsat-logo.com/logo/tv/cc/channel4_scotland.jpg
8316,Channel 4 +1,Channel 4 Scotland +1,0,0,0,0,0,http://www.lyngsat-logo.com/logo/tv/cc/channel4_scotland_plus1.jpg
9212,Channel 4,Channel 4 South & East,0,0,0,0,0,http://www.lyngsat-logo.com/logo/tv/cc/channel4_south_east.jpg
8312,Channel 4 +1,Channel 4 South & East +1,0,0,0,0,0,http://www.lyngsat-logo.com/logo/tv/cc/channel4_south_east_plus1.jpg
0,,Channel 5,105,105,0,1,0,http://www.lyngsat-logo.com/logo/tv/cc/channel5_region1.jpg
0,,Channel 5 +1,128,177,0,1,0,http://www.lyngsat-logo.com/logo/tv/cc/channel5_region1_plus1.jpg
6335,Channel 5,Channel 5 England,0,0,0,0,0,http://www.lyngsat-logo.com/logo/tv/cc/channel5_region1.jpg
7702,Channel 5,Channel 5 North,0,0,0,0,0,http://www.lyngsat-logo.com/logo/tv/cc/channel5_region1.jpg
7704,Channel 5,Channel 5 Northern Ireland,0,0,0,0,0,http://www.lyngsat-logo.com/logo/tv/cc/channel5_region1.jpg
7703,Channel 5,Channel 5 Scotland,0,0,0,0,0,http://www.lyngsat-logo.com/logo/tv/cc/channel5_region1.jpg
50630,Channel AKA,Channel AKA,0,370,0,0,0,http://www.lyngsat-logo.com/logo/tv/cc/channel_aka.jpg
54068,Channel i,Channel i,0,844,0,0,0,http://www.lyngsat-logo.com/logo/tv/cc/channel_i.jpg
0,,Channel Line-up,0,996,0,0,0,
54062,Channel 'S',Channel S,0,814,0,0,0,http://www.lyngsat-logo.com/logo/tv/cc/channel_s.jpg
53365,Chart Show TV,Chart Show TV,500,365,0,0,0,http://www.lyngsat-logo.com/logo/tv/cc/chart_show.jpg
53335,Chart Show+1,Chart Show TV +1,516,382,0,0,0,http://www.lyngsat-logo.com/logo/tv/cc/chart_show.jpg
52013,Chat Box,Chat Box,0,878,0,0,0,
9568,Chill,Chill,0,1177,0,0,1,http://www.lyngsat-logo.com/logo/radio/cc/chill.jpg
9549,Choice FM,Choice FM,720,1114,0,0,1,http://www.lyngsat-logo.com/logo/radio/cc/choice_fm.jpg
10071,CITV,CITV,602,621,0,0,0,http://www.lyngsat-logo.com/logo/tv/cc/citv_edmonton.jpg
9570,Classic FM,Classic FM,721,1106,0,0,1,http://www.lyngsat-logo.com/logo/radio/cc/classic_fm_uk.jpg
50879,Clubland TV,Clubland TV,514,383,0,0,0,http://www.lyngsat-logo.com/logo/tv/cc/clubland_tv.jpg
52111,CNBC,CNBC,210,505,0,0,0,http://www.lyngsat-logo.com/logo/tv/cc/class_cnbc.jpg
50355,CNC World,CNC World,0,516,0,0,0,http://www.lyngsat-logo.com/logo/tv/cc/cnc_world_chinese.jpg
7140,CNN,CNN,207,506,0,0,0,http://www.lyngsat-logo.com/logo/tv/cc/cnn_international_europe.jpg
5802,CommunityChnl,Community Channel,0,539,0,0,0,http://www.lyngsat-logo.com/logo/tv/cc/cignal_community_channel.jpg
52056,Controversial tv,Controversial TV,0,200,0,0,0,
52234,Create & Craft,Create and Craft,813,671,0,0,0,http://www.lyngsat-logo.com/logo/tv/cc/create_and_craft.jpg
53315,DanceNationTV,Dance Nation TV,0,376,0,0,0,
50490,Dating Channel,Dating Channel,0,875,0,0,0,http://www.lyngsat-logo.com/logo/tv/dd/dating_channel.jpg
52110,DAYSTAR,Daystar,691,584,0,0,0,http://www.lyngsat-logo.com/logo/tv/dd/daystar_tv_network.jpg
55112,Desh TV,Desh TV,0,850,0,0,0,http://www.lyngsat-logo.com/logo/tv/dd/desh_tv.jpg
53126,Desi Radio,Desi Radio,0,1169,0,0,1,http://www.lyngsat-logo.com/logo/radio/dd/desi_radio.jpg
55246,Dirty Talk,Dirty Talk,0,921,0,0,0,
54219,DM Digital,DM Digital,0,802,0,0,0,http://www.lyngsat-logo.com/logo/tv/dd/dm_digital.jpg
8305,E4,E4,122,136,0,0,0,http://www.lyngsat-logo.com/logo/tv/ee/e4_plus1.jpg
8300,E4+1,E4 +1,123,137,0,0,0,http://www.lyngsat-logo.com/logo/tv/ee/e4_plus1.jpg
54330,Elite TV,Elite TV,0,965,0,0,0,http://www.lyngsat-logo.com/icon/tv/ee/elite_tv_965.gif
53255,Elite TV 2,Elite TV 2,0,914,0,0,0,http://www.lyngsat-logo.com/icon/tv/ee/elite_tv_914.gif
50605,Elite TV 3,Elite TV 3,0,968,0,0,0,http://www.lyngsat-logo.com/icon/tv/ee/elite_tv_968.gif
50615,Elite TV 4,Elite TV 4,0,932,0,0,0,http://www.lyngsat-logo.com/icon/tv/ee/elite_tv_932.gif
0,,EPG Background,0,0,0,0,0,
53297,Essex Babes,Essex Babes,0,955,0,0,0,
6762,ETV3,ETV3,0,0,0,0,0,http://www.lyngsat-logo.com/logo/tv/ee/etv3_et.jpg
55280,Euronews,Euronews,204,508,0,0,0,http://www.lyngsat-logo.com/logo/tv/ee/euronews.jpg
55005,EWTN,EWTN Europe,0,1147,0,0,1,http://www.lyngsat-logo.com/logo/radio/ee/ewtn_radio.jpg
55008,EWTN,EWTN TV,0,589,0,0,0,http://www.lyngsat-logo.com/logo/tv/ee/ewtn_us.jpg
54067,Faith World TV,Faith World TV,0,593,0,0,0,http://www.lyngsat-logo.com/logo/tv/ff/faith_world_tv.jpg
53139,Family Radio,Family Radio,0,1159,0,0,1,http://www.lyngsat-logo.com/logo/radio/ff/family_radio.jpg
9220,Film4,Film4,300,315,0,0,0,http://www.lyngsat-logo.com/logo/tv/ff/film4.jpg
9225,Film4 +1,Film4 +1,301,316,0,0,0,http://www.lyngsat-logo.com/logo/tv/ff/film4_plus1.jpg
55242,Filth,Filth,0,0,0,0,0,
54165,Fitness TV,Fitness TV,0,282,0,0,0,http://www.lyngsat-logo.com/logo/tv/ff/fitness_tv.jpg
53300,Flava,Flava,502,367,0,0,0,http://www.lyngsat-logo.com/logo/tv/ff/flava_uk.jpg
54249,Flirt TV 2,Flirt TV 2,0,933,0,0,0,
53260,Food Network,Food Network,405,262,0,0,0,http://www.lyngsat-logo.com/logo/tv/ff/food_network_uk.jpg
53270,Food Netwrk+1,Food Network +1,406,263,0,0,0,http://www.lyngsat-logo.com/logo/tv/ff/food_network_uk_plus1.jpg
52570,FRANCE 24,France 24,205,513,0,0,0,http://www.lyngsat-logo.com/logo/tv/ff/france24.jpg
10530,Freesat Info,Freesat Info,0,0,0,0,0,
10169,G53,G53,0,0,0,0,0,
52106,Gay Network,Gay Network,0,877,0,0,0,http://www.lyngsat-logo.com/icon/tv/gg/gay_network.gif
53137,Gaydarradio,Gaydar Radio,0,0,0,0,0,
50485,GayXchange,GayXchange,0,876,0,0,0,
55110,Gems TV,Gems TV,805,652,0,0,0,http://www.lyngsat-logo.com/logo/tv/gg/gems_tv.jpg
55104,Gems TV Extra,Gems TV Extra,818,656,0,0,0,http://www.lyngsat-logo.com/logo/tv/gg/gems_tv_extra.jpg
52008,Get Lucky TV,Get Lucky TV,0,909,0,0,0,
54170,Glory TV,Glory TV,0,832,0,0,0,http://www.lyngsat-logo.com/logo/tv/gg/glory_tv.jpg
51035,GOD Channel,God Channel,694,580,0,0,0,http://www.lyngsat-logo.com/logo/tv/gg/god_tv_uk.jpg
9561,Gold,Gold,722,1121,0,0,1,http://www.lyngsat-logo.com/logo/radio/gg/gold_dab.jpg
52158,Gospel Channel,Gospel Channel,0,590,0,0,0,http://www.lyngsat-logo.com/logo/tv/gg/gospel_channel_europe.jpg
52010,Greatest Hits TV,Greatest Hits TV,0,378,0,0,0,
52030,Heart,Heart,733,1111,0,0,1,http://www.lyngsat-logo.com/logo/radio/hh/heart_fm.jpg
53290,Hidayat TV,Hidayat TV,0,803,0,0,0,http://www.lyngsat-logo.com/logo/tv/hh/hidayat_tv.jpg
54208,HiTV,HiTV,0,204,0,0,0,http://www.lyngsat-logo.com/logo/tv/hh/hi_tv_uk.jpg
55236,holiday+cruise,Holiday+Cruise,0,284,0,0,0,http://www.lyngsat-logo.com/logo/tv/hh/holiday_cruise.jpg
52105,horror channel,Horror Channel,138,319,0,0,0,http://www.lyngsat-logo.com/logo/tv/hh/horror_channel_uk.jpg
52002,horror ch+1,Horror Channel +1,139,320,0,0,0,http://www.lyngsat-logo.com/logo/tv/hh/horror_channel_uk_plus1.jpg
54140,Horse & Country,Horse & Country TV,0,280,0,0,0,http://www.lyngsat-logo.com/logo/tv/hh/horse_country_tv.jpg
52235,Ideal & More,Ideal & More,0,668,0,0,0,http://www.lyngsat-logo.com/logo/tv/ii/ideal_and_more.jpg
52233,Ideal Extra,Ideal Extra,810,651,0,0,0,http://www.lyngsat-logo.com/logo/tv/ii/ideal_extra.jpg
52232,Ideal World,Ideal World,812,644,0,0,0,http://www.lyngsat-logo.com/logo/tv/ii/ideal_world.jpg
55209,Imagine Dil Se,Imagine...Dil Se,0,831,0,0,0,http://www.lyngsat-logo.com/logo/tv/ii/imagine_dil_se.jpg
50880,Information TV,Information TV,402,231,0,0,0,
54066,Info TV +1,Information TV +1,0,189,0,0,0,
53124,InsightRadio,Insight Radio,777,1188,0,0,1,http://www.lyngsat-logo.com/logo/radio/ii/insight_radio.jpg
51019,Inspiration,Inspiration,690,587,0,0,0,http://www.lyngsat-logo.com/logo/tv/ii/inspiration_network.jpg
54054,IQRA TV,IQRA TV,0,826,0,0,0,http://www.lyngsat-logo.com/logo/tv/ii/iqra_uk.jpg
50335,Islam Channel,Islam Channel,693,813,0,0,0,http://www.lyngsat-logo.com/logo/tv/ii/islam_channel.jpg
0,,ITV London,977,993,0,0,0,http://www.lyngsat-logo.com/logo/tv/ii/itv1_london.jpg
0,,ITV1,103,103,0,1,0,http://www.lyngsat-logo.com/logo/tv/ii/itv1.jpg
0,,ITV1 +1,112,131,0,1,0,http://www.lyngsat-logo.com/logo/tv/ii/itv1_plus1.jpg
10090,ITV1 Anglia E,ITV1 Anglia,0,0,0,0,0,http://www.lyngsat-logo.com/logo/tv/ii/itv1_anglia.jpg
0,,ITV1 Anglia +1,0,0,0,0,0,http://www.lyngsat-logo.com/logo/tv/ii/itv1_plus1.jpg
10150,ITV1 Anglia S,ITV1 Anglia,0,0,0,0,0,http://www.lyngsat-logo.com/logo/tv/ii/itv1_anglia.jpg
10120,ITV1 Border,ITV1 Border and Tyne Tees,0,0,0,0,0,http://www.lyngsat-logo.com/logo/tv/ii/itv1_border.jpg
1015,ITV1 Border,STV,0,0,0,0,0,http://www.lyngsat-logo.com/logo/tv/ss/stv_east.jpg
20701,ITV1 Central E,ITV1 Central,0,0,0,0,0,http://www.lyngsat-logo.com/logo/tv/ii/itv1_central_east.jpg
20700,ITV1 Central S,ITV1 Central,0,0,0,0,0,http://www.lyngsat-logo.com/logo/tv/ii/itv1_central_south.jpg
10100,ITV1 Central W,ITV1 Central,0,0,0,0,0,http://www.lyngsat-logo.com/logo/tv/ii/itv1_central_west.jpg
10145,ITV1+1,ITV1 Central +1,0,0,0,0,0,http://www.lyngsat-logo.com/logo/tv/ii/itv1_central_west_plus1.jpg
10200,ITV Channel Is,ITV1 Channel Television,0,0,0,0,0,http://www.lyngsat-logo.com/logo/tv/ii/itv1.jpg
10080,ITV1 Granada,ITV1 Granada,0,0,0,0,0,http://www.lyngsat-logo.com/logo/tv/ii/itv1_granada.jpg
10255,ITV1+1,ITV1 Granada +1,0,0,0,0,0,http://www.lyngsat-logo.com/logo/tv/ii/itv1_granada_plus1.jpg
3851,ITV1 HD,ITV1 Granada HD,0,0,1,0,0,http://www.lyngsat-logo.com/logo/tv/ii/itv1_granada_hd.jpg
10000,ITV1 HD,ITV1 London HD,0,0,1,0,0,http://www.lyngsat-logo.com/logo/tv/ii/itv1_london_hd.jpg
0,,ITV1 HD,119,178,1,1,0,http://www.lyngsat-logo.com/logo/tv/ii/itv1_london_hd.jpg
10060,ITV1 London,ITV1 London,977,993,0,0,0,http://www.lyngsat-logo.com/logo/tv/ii/itv1_london.jpg
10155,ITV1+1,ITV1 London +1,0,0,0,0,0,http://www.lyngsat-logo.com/logo/tv/ii/itv1_london_plus1.jpg
20780,7480,ITV1 London HD,0,0,1,0,0,http://www.lyngsat-logo.com/logo/tv/ii/itv1_london_hd.jpg
10140,ITV1 Meridian S,ITV1 Meridian,0,0,0,0,0,http://www.lyngsat-logo.com/logo/tv/ii/itv1_meridian_south.jpg
10265,ITV1+1,ITV1 Meridian +1,0,0,0,0,0,http://www.lyngsat-logo.com/logo/tv/ii/itv1_meridian_south_plus1.jpg
10141,ITV1 Meridian E,ITV1 Meridian,0,0,0,0,0,http://www.lyngsat-logo.com/logo/tv/ii/itv1_meridian_se.jpg
0,,ITV1 West +1,0,0,0,0,0,http://www.lyngsat-logo.com/logo/tv/ii/itv1_plus1.jpg
10130,ITV1 Tyne Tees,ITV1 Tyne Tees,0,0,0,0,0,http://www.lyngsat-logo.com/logo/tv/ii/itv1_tyne_tees.jpg
0,,ITV1 Border and Tyne Tees +1,0,0,0,0,0,http://www.lyngsat-logo.com/logo/tv/ii/itv1_plus1.jpg
10020,ITV1 Wales,ITV1 Wales,0,0,0,0,0,http://www.lyngsat-logo.com/logo/tv/ii/itv1_wales.jpg
10030,ITV1 West,ITV1 West,0,0,0,0,0,http://www.lyngsat-logo.com/logo/tv/ii/itv1_west.jpg
0,,ITV1 West +1,0,0,0,0,0,http://www.lyngsat-logo.com/logo/tv/ii/itv1_westcountry_west_plus1.jpg
10040,ITV1 W Country,ITV1 West,0,0,0,0,0,http://www.lyngsat-logo.com/logo/tv/ii/itv1_westcountry_south_west.jpg
10160,ITV1 Yorks W,ITV1 Yorkshire West,0,0,0,0,0,http://www.lyngsat-logo.com/logo/tv/ii/itv1_yorkshire_west.jpg
10070,ITV2,ITV2,113,118,0,0,0,http://www.lyngsat-logo.com/logo/tv/ii/itv2.jpg
10165,ITV2+1,ITV2 +1,114,179,0,0,0,http://www.lyngsat-logo.com/logo/tv/ii/itv2_plus1.jpg
10260,ITV3,ITV3,115,119,0,0,0,http://www.lyngsat-logo.com/logo/tv/ii/itv3.jpg
10261,ITV3+1,ITV3 +1,116,180,0,0,0,http://www.lyngsat-logo.com/logo/tv/ii/itv3_plus1.jpg
10072,ITV4,ITV4,117,120,0,0,0,http://www.lyngsat-logo.com/logo/tv/ii/itv4.jpg
10015,ITV4+1,ITV4 +1,118,0,0,0,0,http://www.lyngsat-logo.com/logo/tv/ii/itv4_plus1.jpg
10079,ITVi Stream 44,ITVi Stream 44,0,0,0,0,0,
53142,Jazz FM,Jazz FM,729,1202,0,0,1,http://www.lyngsat-logo.com/logo/radio/jj/jazz_fm_radio.jpg
50340,Jewellery Ch.,Jewellery Channel,815,650,0,0,0,http://www.lyngsat-logo.com/logo/tv/jj/jewelry_channel_th.jpg
52006,Jewelry Maker,Jewellery Maker,807,655,0,0,0,http://www.lyngsat-logo.com/logo/tv/jj/jewellery_maker.jpg
54120,JML Cookshop,JML Cookshop,809,667,0,0,0,http://www.lyngsat-logo.com/logo/tv/jj/jml_cook_shop.jpg
54150,JML Direct,JML Direct,808,647,0,0,0,http://www.lyngsat-logo.com/logo/tv/jj/jml_direct.jpg
9537,JML Home&DIY,JML Home & DIY,0,653,0,0,0,http://www.lyngsat-logo.com/logo/tv/jj/jml_home_and_diy.jpg
9563,Khushkhabri,Khushkhabri,0,1151,0,0,1,
54060,KICC TV,KICC TV,0,594,0,0,0,http://www.lyngsat-logo.com/logo/tv/kk/kicc_tv.jpg
9566,Kismat,Kismat Radio,0,1173,0,0,1,http://www.lyngsat-logo.com/logo/radio/kk/kismat_radio.jpg
50856,Kiss,Kiss,0,1178,0,0,1,http://www.lyngsat-logo.com/logo/radio/kk/kiss100_fm_uk.jpg
53350,Kix!,Kix!,606,627,0,0,0,http://www.lyngsat-logo.com/logo/tv/kk/kix_uk.jpg
52029,LBC 97.3,LBC 97.3,0,1112,0,0,1,http://www.lyngsat-logo.com/logo/radio/ll/lbc_fm_uk.jpg
52031,LBC News,LBC News 1152,0,1124,0,0,1,http://www.lyngsat-logo.com/logo/radio/ll/lbc_news_uk.jpg
53131,Liberty,Liberty Radio,0,1186,0,0,1,http://www.lyngsat-logo.com/logo/radio/ll/liberty_radio.jpg
53295,LivexxxBabes,LiveXXXBabes,0,0,0,0,0,
54211,LOVEWORLD TV,Loveworld TV,0,588,0,0,0,http://www.lyngsat-logo.com/logo/tv/ll/love_world_tv.jpg
55204,Lucky Star,Lucky Star,0,910,0,0,0,
55018,Madani Chnl,Madani Channel,0,838,0,0,0,http://www.lyngsat-logo.com/logo/tv/mm/madani_channel.jpg
50860,Magic,Magic 105.4 FM,0,1180,0,0,1,http://www.lyngsat-logo.com/logo/radio/mm/magic_fm.jpg
50882,Massive R&B,Massive R&B,518,385,0,0,0,http://www.lyngsat-logo.com/logo/tv/mm/massive_rb.jpg
54300,MATV National,MATV National,0,793,0,0,0,
54110,Men & Movies,Men&Movies,143,228,0,0,0,http://www.lyngsat-logo.com/logo/tv/mm/men_and_movies.jpg
8340,More4,More4,124,138,0,0,0,http://www.lyngsat-logo.com/logo/tv/cc/channel4_more4_uk.jpg
9230,More4 +1,More4 +1,125,139,0,0,0,http://www.lyngsat-logo.com/logo/tv/cc/channel4_more4_uk_plus1.jpg
53109,movies4men,Movies4Men,304,323,0,0,0,http://www.lyngsat-logo.com/logo/tv/mm/movies_4_men.jpg
55013,mov4men+1,Movies4Men +1,305,324,0,0,0,http://www.lyngsat-logo.com/logo/tv/mm/movies_4_men_plus1.jpg
53110,movies4men 2,Movies4Men 2,306,325,0,0,0,http://www.lyngsat-logo.com/logo/tv/mm/movies_4_men2.jpg
52121,mov4men2 +1,Movies4Men 2 +1,307,326,0,0,0,http://www.lyngsat-logo.com/logo/tv/mm/movies_4_men2_plus1.jpg
51001,mta-muslim tv,MTA Muslim TV,0,787,0,0,0,http://www.lyngsat-logo.com/logo/tv/mm/mta_international.jpg
55520,Music India,Music India,0,822,0,0,0,http://www.lyngsat-logo.com/logo/tv/mm/music_india.jpg
55214,My Channel,My Channel,0,219,0,0,0,
51114,Newstalk,Newstalk,0,1210,0,0,1,
53147,NHK World HD,NHK World HD,209,507,1,0,0,http://www.lyngsat-logo.com/logo/tv/nn/nhk_world.jpg
54203,Noor TV,Noor TV,0,819,0,0,0,http://www.lyngsat-logo.com/logo/tv/nn/noor_tv_af.jpg
52050,Northern Birds,Northern Birds,0,954,0,0,0,
52166,NTV,NTV,0,834,0,0,0,http://www.lyngsat-logo.com/logo/tv/nn/new_cartoontv.jpg
54345,OceanFinance,Ocean Finance,650,888,0,0,0,http://www.lyngsat-logo.com/logo/tv/oo/ocean_finance_tv.jpg
52104,Olive TV,Olive TV,0,597,0,0,0,http://www.lyngsat-logo.com/logo/tv/oo/olive_tv.jpg
55119,OHTV,Open Heaven TV,0,199,0,0,0,
52132,Panjab Radio,Panjab Radio,0,1130,0,0,1,http://www.lyngsat-logo.com/logo/radio/pp/panjab_radio.jpg
50400,Paversshoes.tv,PaversShoes.tv,0,659,0,0,0,
50878,PCNE Chinese,PCNE Chinese,0,785,0,0,0,
54063,Peace TV,Peace TV,0,820,0,0,0,http://www.lyngsat-logo.com/logo/tv/pp/peace_tv.jpg
54064,Peace TV Urdu,Peace TV Urdu,0,841,0,0,0,
54315,Pitch TV,Pitch TV,803,646,0,0,0,http://www.lyngsat-logo.com/logo/tv/pp/pitch_television.jpg
54360,Pitch World,Pitch World,804,657,0,0,0,http://www.lyngsat-logo.com/logo/tv/pp/pitch_world.jpg
9575,Planet Rock,Planet Rock,730,1110,0,0,1,http://www.lyngsat-logo.com/logo/radio/pp/planet_rock.jpg
53591,PlayboyTV Chat,PlayboyTV Chat,875,902,0,0,0,http://www.lyngsat-logo.com/icon/tv/pp/playboy.gif
53340,POP,POP,603,616,0,0,0,http://www.lyngsat-logo.com/logo/tv/pp/pop_uk.jpg
53360,PopGirl,Pop Girl,604,626,0,0,0,http://www.lyngsat-logo.com/logo/tv/pp/pop_girl.jpg
53370,PopGirl +1,Pop Girl +1,0,629,0,0,0,http://www.lyngsat-logo.com/logo/tv/pp/pop_girl.jpg
54214,Praise TV,Praise TV,0,598,0,0,0,http://www.lyngsat-logo.com/logo/tv/pp/praise_tv_network.jpg
52299,Premier,Premier Christian Radio,0,1123,0,0,1,http://www.lyngsat-logo.com/logo/radio/pp/premier_christian_radio.jpg
52070,Press TV,Press TV,515,0,0,0,0,http://www.lyngsat-logo.com/logo/tv/pp/press_tv.jpg
52510,price drop,Price Drop,801,645,0,0,0,http://www.lyngsat-logo.com/logo/tv/pp/price_drop_tv.jpg
55270,propeller,Propeller TV,0,195,0,0,0,http://www.lyngsat-logo.com/logo/tv/pp/propeller.jpg
53586,Psychic Line,Psychic Line,0,885,0,0,0,
55226,Psychic Today,Psychic Today,652,886,0,0,0,http://www.lyngsat-logo.com/logo/tv/pp/psychic_today.jpg
53116,PTV Global,PTV Global,0,810,0,0,0,http://www.lyngsat-logo.com/logo/tv/pp/ptv_global.jpg
54215,PTV Prime,PTV Prime,0,792,0,0,0,
55132,punjabi radio,Punjabi Radio,0,1187,0,0,1,http://www.lyngsat-logo.com/logo/radio/pp/punjabi_radio_uk.jpg
7230,QVC,QVC,800,640,0,0,0,http://www.lyngsat-logo.com/logo/tv/qq/qvc_uk.jpg
54113,QVC Beauty,QVC Beauty,816,658,0,0,0,http://www.lyngsat-logo.com/logo/tv/qq/qvc_beauty_uk.jpg
0,,Radio Caroline,0,0,0,0,0,http://www.lyngsat-logo.com/logo/radio/rr/radio_caroline.jpg
53129,Rainbow,Rainbow Radio,0,1207,0,0,1,http://www.lyngsat-logo.com/logo/radio/rr/rainbow_radio.jpg
0,,Rapture Radio,0,0,0,0,0,
55014,Real Radio,Real Radio Wales,0,1146,0,0,1,http://www.lyngsat-logo.com/logo/radio/rr/real_radio_lk.jpg
9546,Recordbrazil,Record Radio,0,1206,0,0,1,
9535,Record TV,Record TV,0,801,0,0,0,
53598,Red Light 1,Red Light 1,0,911,0,0,0,http://www.lyngsat-logo.com/icon/tv/rr/red_light_central_tv.gif
53590,Red Light 3,Red Light 3,0,948,0,0,0,http://www.lyngsat-logo.com/icon/tv/rr/red_light_central_tv3.gif
53588,Red Light 4,Red Light 4,0,950,0,0,0,http://www.lyngsat-logo.com/icon/tv/rr/red_light_central_tv4.gif
52162,Renault TV,Renault TV,651,883,0,0,0,http://www.lyngsat-logo.com/logo/tv/rr/renault_tv.jpg
54103,Retail TV,Retail TV,0,647,0,0,0,
52127,revelation,Revelation,692,581,0,0,0,http://www.lyngsat-logo.com/logo/tv/rr/revelation_tv.jpg
9533,Rocks & Co 1,Rocks & Co 1,817,666,0,0,0,http://www.lyngsat-logo.com/logo/tv/rr/rocks_and_co.jpg
50847,Russia Today,RT,206,512,0,0,0,http://www.lyngsat-logo.com/logo/tv/rr/radio_tv_crne_gore.jpg
9612,RTE 2FM,RTÉ 2fm,751,1164,0,0,1,http://www.lyngsat-logo.com/logo/radio/rr/rte_radio2.jpg
9614,RTE Lyric fm,RTÉ lyric fm,752,1165,0,0,1,http://www.lyngsat-logo.com/logo/radio/rr/rte_lyric_fm.jpg
9611,RTE Radio 1,RTÉ Radio 1,750,1160,0,0,1,http://www.lyngsat-logo.com/logo/radio/rr/rte_radio1.jpg
53138,RTE R1 Extra,RTÉ Radio 1 Extra,0,1142,0,0,1,
9613,RTE R na G,RTÉ Raidió na Gaeltachta,753,1166,0,0,1,http://www.lyngsat-logo.com/logo/radio/rr/rte_raidio_nagaeltachta.jpg
7301,S4C,S4C,120,134,0,0,0,http://www.lyngsat-logo.com/logo/tv/ss/s4c_digidol.jpg
9536,Sangat,Sangat TV,0,847,0,0,0,http://www.lyngsat-logo.com/logo/tv/ss/sangat_tv.jpg
52545,Screenshop2,Screenshop 2,0,680,0,0,0,
53310,Scuzz,Scuzz,503,374,0,0,0,http://www.lyngsat-logo.com/logo/tv/ss/scuzz.jpg
53140,Shop Radio,Shop Radio,0,1184,0,0,1,http://www.lyngsat-logo.com/logo/radio/ss/shop_radio_uk.jpg
52125,Showcase,Showcase,403,201,0,0,0,http://www.lyngsat-logo.com/logo/tv/ss/showcase_tv_uk.jpg
51036,Showcase +1,Showcase +1,0,235,0,0,0,http://www.lyngsat-logo.com/logo/tv/ss/showcase_tv_uk_plus1.jpg
54051,Showcase 2,Showcase 2,0,203,0,0,0,http://www.lyngsat-logo.com/logo/tv/ss/showcase_2_uk.jpg
50610,Sikh Channel,Sikh Channel,0,840,0,0,0,http://www.lyngsat-logo.com/logo/tv/ss/sikh_channel.jpg
4706,Sky News,Sky News,0,501,0,0,0,http://www.lyngsat-logo.com/logo/tv/ss/sky_uk_news.jpg
4704,Sky News,Sky News,0,501,0,0,0,http://www.lyngsat-logo.com/logo/tv/ss/sky_uk_news.jpg
52118,SmartLive,Smart Live Casino,0,869,0,0,0,http://www.lyngsat-logo.com/logo/tv/ss/smart_live_casino_roulette.jpg
55015,Smooth,Smooth Radio,732,1128,0,0,1,http://www.lyngsat-logo.com/logo/radio/ss/smooth_fm.jpg
4740,SNR,SNR,0,0,0,0,0,http://www.lyngsat-logo.com/logo/tv/ss/snrt_1_laayoune.jpg
9557,Solar Radio,Solar Radio,0,1129,0,0,1,http://www.lyngsat-logo.com/logo/radio/ss/solar_radio.jpg
52170,Sonlife,SonLife Broadcasting Network,695,599,0,0,0,http://www.lyngsat-logo.com/logo/tv/ss/sonlife_broadcasting_network.jpg
53132,Spectrum 1,Spectrum Radio,0,1185,0,0,1,http://www.lyngsat-logo.com/logo/radio/ss/spectrum_fm_es.jpg
52546,speed auction,Speed Auction,0,665,0,0,0,http://www.lyngsat-logo.com/logo/tv/ss/speed_auction_tv.jpg
52040,SportxxxGirls,SportxxxGirls,0,967,0,0,0,
55202,Starz TV,Starz TV,0,371,0,0,0,http://www.lyngsat-logo.com/logo/tv/ss/starz_uk.jpg
50330,Storm,Storm,0,966,0,0,0,http://www.lyngsat-logo.com/icon/tv/ss/storm_tv.gif
10221,stv,STV,0,0,0,0,0,http://www.lyngsat-logo.com/logo/tv/ss/stv_east.jpg
10210,stv,STV,0,0,0,0,0,http://www.lyngsat-logo.com/logo/tv/ss/stv_north.jpg
10220,STV,STV,0,0,0,0,0,http://www.lyngsat-logo.com/logo/tv/ss/stv_west.jpg
10225,10225,STV West +1,0,0,0,0,0,http://www.lyngsat-logo.com/logo/tv/ss/stv_west_plus1.jpg
9548,Sukh Sagar,Sukh Sagar,0,1150,0,0,1,http://www.lyngsat-logo.com/logo/radio/ss/sukh_sagar_radio.jpg
53210,Sumo TV,Sumo TV,0,212,0,0,0,http://www.lyngsat-logo.com/logo/tv/ss/sumo_tv.jpg
52027,Sunrise,Sunrise Radio,0,1133,0,0,1,http://www.lyngsat-logo.com/logo/radio/ss/sunrise_radio.jpg
55109,Sunrise TV,Sunrise TV,0,830,0,0,0,http://www.lyngsat-logo.com/logo/tv/ss/sunrise_television.jpg
51006,SuperCasino,Super Casino,0,866,0,0,0,http://www.lyngsat-logo.com/logo/tv/ss/supercasino.jpg
6780,T7 STRM-0,T7 STEM-0 (BBC Multi Screen),0,0,0,0,0,
55213,Takbeer TV,Takbeer TV,0,845,0,0,0,http://www.lyngsat-logo.com/logo/tv/tt/takbeer_tv.jpg
10238,TalkSport,Talksport,731,1108,0,0,1,http://www.lyngsat-logo.com/logo/radio/tt/talksport.jpg
51033,TBN Europe,TBN Europe,0,583,0,0,0,http://www.lyngsat-logo.com/logo/tv/tt/tbn_europe.jpg
52109,Thane Direct,Thane Direct,820,660,0,0,0,http://www.lyngsat-logo.com/logo/tv/tt/thane_direct.jpg
55510,The Active Ch,The Active Channel,0,281,0,0,0,
55212,Babeworld.tv,The Chat Lounge,0,0,0,0,0,
55250,The Dept Store,The Dept Store,0,681,0,0,0,
53355,The Vault,The Vault,501,366,0,0,0,http://www.lyngsat-logo.com/logo/tv/tt/the_vault.jpg
53330,Tiny Pop,Tiny Pop,605,617,0,0,0,http://www.lyngsat-logo.com/logo/tv/tt/tiny_pop.jpg
53345,Tiny Pop +1,Tiny Pop +1,0,625,0,0,0,http://www.lyngsat-logo.com/logo/tv/tt/tiny_pop.jpg
54102,Travel Channel,Travel Channel,0,251,0,0,0,http://www.lyngsat-logo.com/logo/tv/tt/travel_channel_uk.jpg
52100,Travel Ch +1,Travel Channel +1,0,252,0,0,0,http://www.lyngsat-logo.com/logo/tv/tt/travel_channel_uk_plus1.jpg
53375,True Ent,True Entertainment,142,188,0,0,0,http://www.lyngsat-logo.com/logo/tv/tt/true_entertainment.jpg
53320,True Movies 1,True Movies 1,302,321,0,0,0,http://www.lyngsat-logo.com/logo/tv/tt/true_movies1.jpg
53325,True Movies 2,True Movies 2,303,322,0,0,0,http://www.lyngsat-logo.com/logo/tv/tt/true_movies2.jpg
9531,TV SHOP,TV Shop,806,643,0,0,0,http://www.lyngsat-logo.com/logo/tv/tt/tv_shop.jpg
53133,TWR,TWR,790,1138,0,0,1,http://www.lyngsat-logo.com/logo/radio/tt/twr.jpg
9553,UCB Bible,UCB Bible,0,1134,0,0,1,http://www.lyngsat-logo.com/logo/radio/uu/ucb_bible.jpg
9554,UCB Gospel,UCB Gospel,0,1135,0,0,1,http://www.lyngsat-logo.com/logo/radio/uu/ucb_gospel.jpg
9552,UCB Insp,UCB Inspiration,0,1136,0,0,1,http://www.lyngsat-logo.com/logo/radio/uu/ucb_inspirational.jpg
55128,UCB Ireland,UCB Ireland,0,1214,0,0,1,http://www.lyngsat-logo.com/logo/radio/uu/ucb_ireland.jpg
52001,UCB TV,UCB TV,0,586,0,0,0,http://www.lyngsat-logo.com/logo/tv/uu/ucb.jpg
9551,UCB UK,UCB UK,0,1125,0,0,1,http://www.lyngsat-logo.com/logo/radio/uu/ucb_uk.jpg
54212,UCTV,UCTV,0,843,0,0,0,http://www.lyngsat-logo.com/logo/tv/uu/uctv_california.jpg
52004,UMMAH CHNL,Ummah Channel,0,828,0,0,0,http://www.lyngsat-logo.com/logo/tv/uu/ummah_channel.jpg
51037,UMP Movies,UMP Movies,308,797,0,0,0,http://www.lyngsat-logo.com/logo/tv/uu/ump_movies.jpg
10230,UTV,UTV,0,0,0,0,0,
10125,ITV1+1,UTV +1,0,0,0,0,0,
10055,ITV1+1,UTV +1,0,0,0,0,0,
50425,V Channel,V Channel,0,664,0,0,0,http://www.lyngsat-logo.com/logo/tv/vv/v_channel_uk.jpg
50884,Venus TV,Venus TV,0,805,0,0,0,
55022,Vintage TV,Vintage TV,515,369,0,0,0,http://www.lyngsat-logo.com/logo/tv/vv/vintage_tv.jpg
55021,Vox Africa,Vox Africa,0,218,0,0,0,http://www.lyngsat-logo.com/logo/tv/vv/voxafrica.jpg
53280,wedding tv,Wedding TV,400,266,0,0,0,http://www.lyngsat-logo.com/logo/tv/ww/wedding_tv_asia.jpg
52107,Wonderful,Wonderful,0,582,0,0,0,http://www.lyngsat-logo.com/logo/tv/ww/wonderful_tv.jpg
51005,Word Network,Word Network,0,591,0,0,0,
53141,WRN Arabic,WRN Arabic,0,1205,0,0,1,http://www.lyngsat-logo.com/logo/radio/ww/wrn.jpg
53135,WRN Europe,WRN Europe,728,1122,0,0,1,http://www.lyngsat-logo.com/logo/radio/ww/wrn.jpg
9559,XFM,XFM London,723,1113,0,0,1,http://www.lyngsat-logo.com/logo/radio/xx/xfm_1049.jpg
54210,xxXpanded TV,xxXpanded TV,0,931,0,0,0,http://www.lyngsat-logo.com/icon/tv/xx/xxxpanded_tv.gif
53136,Yorkshire R,Yorkshire Radio,0,1209,0,0,1,http://www.lyngsat-logo.com/logo/radio/yy/yorkshire_radio_digital.jpg
50470,Zing,Zing,509,789,0,0,0,http://www.lyngsat-logo.com/logo/tv/zz/zee_zing.jpg
54325,SONY TV +1,,0,0,0,0,0,
52005,SONY TV,,0,0,0,0,0,
7231,QVC Test,,0,0,0,0,0,
7235,QVC Mosaic Test,,0,0,0,0,0,
7236,QVC MOSAIC,,0,0,0,0,0,
7234,QVC Mirror,,0,0,0,0,0,
50325,MOTORS TV UK,,0,0,0,0,0,
10098,ITVi tp49,,0,0,0,0,0,
12150,ITVi Quad,,0,0,0,0,0,
20745,ITV1+1,,0,0,0,0,0,
20735,ITV1+1,,0,0,0,0,0,
20715,ITV1+1,,0,0,0,0,0,
50315,High Street TV,,0,0,0,0,0,http://www.lyngsat-logo.com/logo/tv/hh/high_street_tv.jpg
10269,G54,,0,0,0,0,0,
10099,G49,,0,0,0,0,0,
10371,ETV6,,0,0,0,0,0,
10321,ETV5,,0,0,0,0,0,
6407,ETV2,,0,0,0,0,0,http://www.lyngsat-logo.com/logo/tv/ee/etv2_ee.jpg
6406,ETV1,,0,0,0,0,0,
52425,DMAX+2,,0,0,0,0,0,
52231,ComedyCtralX,,0,0,0,0,0,
53125,CC Radio,,0,0,0,0,0,
50635,BoxNation,,0,0,0,0,0,
52159,AAJ TAK,,0,0,0,0,0,http://www.lyngsat-logo.com/logo/tv/aa/aaj_tak.jpg
